comment_id,post_id,author,body,score,created_utc
mmmh509,1jwz0xf,Ok-Entertainment8260,First week in options. Negative 5 thousand dollars.,115,2025-04-11 20:26:14
mmmemi1,1jwz0xf,BIP3N,A week in ü•≠ ‚Äòs market feels like 4 years. ![img](emote|t5_2th52|31225),73,2025-04-11 20:13:31
mmmcpbj,1jwz0xf,ExceptionallyGreat,"Good news everyone!

There are still 181 trading days left in this year.

You need to make only $5,524.86 per day to make it to a cool million.

Believe in yourself!

You got this!",66,2025-04-11 20:03:50
mmmd2kr,1jwz0xf,likamuka,Elon Musk responds with 'laughing emojis' to stories of workers' lives he's ruined,58,2025-04-11 20:05:40
mmmcfvk,1jwz0xf,Independent-Tree-985,"""Dow jumps 600 points as White House optimistic China wants deal, wrapping up historic week""

- China wants a deal, they just dont know how"" is the most deluded statement I heard this week, and there were a lot of them",94,2025-04-11 20:02:32
mmmcwvx,1jwz0xf,Blackwhitehorse,TSLA being green and not in the bargain bin of a Dollar General goes to show how made up the whole market is,44,2025-04-11 20:04:54
mmmdsvt,1jwz0xf,SULT_4321,"""Why are they confessing?""

""They're not confessing, they're bragging!""",48,2025-04-11 20:09:21
mmmecp8,1jwz0xf,BIP3N,Market moved 2% and everyone is calling it a theta day. ![img](emote|t5_2th52|4267)![img](emote|t5_2th52|4271),45,2025-04-11 20:12:10
mmmhzqy,1jwz0xf,no_sporks,"SPY **-$0.83 (-0.16%)** Past week

Sure feels like we made 10 trips around the sun in that time.",88,2025-04-11 20:30:34
mmmdnzs,1jwz0xf,PandaPatrolLetsRoll,"I somehow managed to lose money on every single trade I made this week, I‚Äôm not very good at this ![img](emote|t5_2th52|31225)![img](emote|t5_2th52|52627)",44,2025-04-11 20:08:40
mmmdwz4,1jwz0xf,KrakenClubOfficial,I successfully scalped sooo many times throughout the week and attempt #13 absolutely clapped my fucking ass.,39,2025-04-11 20:09:56
mmmd3nc,1jwz0xf,BosSF82,"""US Customs and Border Control (CBP) is the federal agency responsible for collecting tariffs when imported goods arrive at the US border.

But importers say that a glitch in the system has meant that they have not started paying tariffs yet, despite Turnip saying that the tariffs, particularly the 145% tariffs on China, are already in place.

According to CNBC, the glitch comes from CBP currently not being able to tell which ships are exempted from the tariffs, because they were ‚Äúon the water‚Äù before the tariffs went into effect, and those that were shipped out after the tariffs.""

::Benny Hill Theme::",38,2025-04-11 20:05:49
mmmdczp,1jwz0xf,killerbeeswaxkill,Time to stare at the ceiling until Monday ![img](emote|t5_2th52|8883),35,2025-04-11 20:07:07
mmmdk8f,1jwz0xf,pipes____,10Y > 5 by Monday. Open to a circuit breaker. We do a couple tweets. End +1.2%. Somethin lite to start the week.,40,2025-04-11 20:08:09
mmmh2t1,1jwz0xf,Neel_Crashkari,90% of WSB is -80%,35,2025-04-11 20:25:56
mmmv030,1jwz0xf,SULT_4321,"Don‚Äôt you hate it when you vote to bring the price of eggs down,  but end up starting a global trade war?",37,2025-04-11 21:39:45
mmmcz4g,1jwz0xf,apurimac777,"# I might have been evicted

# I may have been laid off

# I may have lost 99% of my port this week

# But I'm still in the game baby

$100 dollar put option expires Monday ![img](emote|t5_2th52|4271)",68,2025-04-11 20:05:12
mmme0ql,1jwz0xf,dingusmingus2222,"Fuck you retarded market, you suck. I'll see you in a week when my ban is up.",30,2025-04-11 20:10:28
mmmetsw,1jwz0xf,DipSniper69,Absolute the most regarded week I have ever seen ![img](emote|t5_2th52|4271),35,2025-04-11 20:14:33
mmmvba2,1jwz0xf,TargetDreams,How this Friday pumped is beyond me.,33,2025-04-11 21:41:29
mmmhghx,1jwz0xf,pmotiveforce,"Can you imagine the blinding rage Martha Steward must have right now lolololol. She went to prison for insider trading, which is now legal.",62,2025-04-11 20:27:51
mmmdh1z,1jwz0xf,boztron,Yeah I‚Äôm just gonna stick with shares from here on out.,29,2025-04-11 20:07:41
mmmfkha,1jwz0xf,TheObsidianHawk,"People are going to relax for a few days, then someone is going to tweet something dumb at 3 am on sunday and then the premarket is going to tank.",29,2025-04-11 20:18:17
mmmfx1e,1jwz0xf,StrangleYeezNutz,"This has been the most manipulated week. 

Fake news Monday but continued buying after confirmed fake.

Suddenly becomes real news with preemptive manipulation post signal on supposed fake news, Wed.

Nonsensical pump on Friday on zero news and increased tariffs.",28,2025-04-11 20:20:03
mmmgm7n,1jwz0xf,KaihogyoMeditations,"if you ever feel bad, know that definitely someone here had a way more f'd up week than you",29,2025-04-11 20:23:35
mmmlybs,1jwz0xf,HarrysHairynuts,Sometimes I buy onlyfans of girls I went to high school with just to make sure I never missed out,24,2025-04-11 20:50:55
mmmuw7f,1jwz0xf,Opposite_Engine_6776,"I tried to revenge trade today, after making all the wrong directional bets the rest of the week. 

Didn‚Äôt work out either.",29,2025-04-11 21:39:09
mmmvbh2,1jwz0xf,trumpdiego,"##I think it's pretty cool, we might ruin our own currency and economy, china might ruin theirs, everything on the verge, everyone on the verge, yet we pump on thanks to CNBC talking heads saying we found the bottom. Season 47 is so exciting. It's like Rocky 3.",25,2025-04-11 21:41:31
mmmuzz2,1jwz0xf,Stugatz27,"https://preview.redd.it/ti058draz9ue1.jpeg?width=1179&format=pjpg&auto=webp&s=060d89165f605662afc4429f0ad98425028da709

Thank you!",44,2025-04-11 21:39:44
mmmbqjc,1jwz0xf,likamuka,"Fund managers quietly fear Trump doesn‚Äôt have a tariff plan and that he ‚Äòmight be insane‚Äô

No shit.",95,2025-04-11 19:59:02
mmmehga,1jwz0xf,Ok-Dust76,I may be poor but I have a dominant GF so I'm still lucky,21,2025-04-11 20:12:49
mmmejvt,1jwz0xf,weewoowewoooo,"This just in, TSLA will be teaming up with SMCI for their earnings report as they believe their accounting team is great! ![img](emote|t5_2th52|4271)",22,2025-04-11 20:13:09
mmmet50,1jwz0xf,wildcat1055,"**White House**: 

""Getting zero calls from China is a sure sign that they really, really, really want a deal. They're really desperate. Trust me bro""",21,2025-04-11 20:14:27
mmmfjxf,1jwz0xf,Kants_wet_dream,There is no way Monday is not a -3% or more day. Everyone is gonna get depressed over the weekend after they process what is happening.,23,2025-04-11 20:18:12
mmmiyiy,1jwz0xf,bullrfuk,"Be like mango. Create a new holiday. Hype it up for 2 months. Talk about it nonstop. Make a presentation on that day.

Then drop it all and act like it never happened after a few days. LMAO",21,2025-04-11 20:35:34
mmmkh2b,1jwz0xf,Berning_Up_,Anyone else miss the days where we went up on good news and down on bad news? ![img](emote|t5_2th52|4640),23,2025-04-11 20:43:17
mmml8nz,1jwz0xf,d9_2_5,anyone else really fucked by puts today ![img](emote|t5_2th52|4267),21,2025-04-11 20:47:13
mmmnvf0,1jwz0xf,bullrfuk,"Mango when stocks are dumping: ""Stock market? What's that? Never heard of it. Is it where they sell chicken stocks?""

Mango when stocks are pumping: ""Stock performance is the most important metric of a president's success and I am rocking it""",22,2025-04-11 21:00:56
mmmqenp,1jwz0xf,bullrfuk,Drill Team 6 got ambushed. All members reported dead.,22,2025-04-11 21:14:34
mmmr0w0,1jwz0xf,Kants_wet_dream,Cramer just officially called the end of the bear market and predicted all of the trade deals will be wrapped up by Sunday afternoon at the latest.  His stock picks were WMT and TSLA.,21,2025-04-11 21:17:57
mmmre9f,1jwz0xf,Fantastic_Team_6,"Life is way too fucking long


I need to fucking die already",21,2025-04-11 21:19:58
mmmrtzq,1jwz0xf,OPINION_IS_REGARDED,I am so addicted to this market I can't wait for Monday,23,2025-04-11 21:22:20
mmmskxo,1jwz0xf,SULT_4321,"China tariffs at 184% , but Apple finishes the day up 4% .

Pure madness.",24,2025-04-11 21:26:26
mmmtf9t,1jwz0xf,SULT_4321,2 percent swings in the stock market does nothing for me anymore.   Is this how heroin addicts feel?,22,2025-04-11 21:31:02
mmmtipt,1jwz0xf,mysuruhuduga,"Remember if you have $500 right now, you only need to double that 11 times to become a millionaire 

Never give up",23,2025-04-11 21:31:34
mmmugm6,1jwz0xf,KnightMollo,I don‚Äôt regret being a Tesla bear. ![img](emote|t5_2th52|8883),22,2025-04-11 21:36:47
mmmumds,1jwz0xf,Backhandslap88,Imagine starting a trade war and telling your advisors to call the opposition and beg them to call you on your behalf lmao. ![img](emote|t5_2th52|4267)![img](emote|t5_2th52|4271),24,2025-04-11 21:37:39
mmmx57l,1jwz0xf,SparkingTwelve,"Say what you will about the bears, but at least they‚Äôre in it until the end.

Just watching the WSB discord you‚Äôll see bulls appear for pumps but disappear if it dumps even a little.",21,2025-04-11 21:51:41
mmmxuf8,1jwz0xf,bullrfuk,"If your bets play out: you are a great investor

If you bets fail: you are a gambling addict

LMAO",21,2025-04-11 21:55:36
mmmzn4m,1jwz0xf,568Byourself,"SPY down 7 cents after hours on a Friday afternoon, you know what that means fellow Bers


WE ARE SO BACK",24,2025-04-11 22:05:50
mmmrwai,1jwz0xf,PureOrangeJuche,Any minute now the deals will start rolling in. Surely any minute,19,2025-04-11 21:22:41
mmmvv1m,1jwz0xf,artcysp,"I *may* be severely over-leveraged in EOM puts, so my play for this weekend is to sacrifice a goat to the market gods for a blood red Monday",19,2025-04-11 21:44:34
mmmyfpx,1jwz0xf,big_roomba,"https://preview.redd.it/kebnkn0j2aue1.jpeg?width=1179&format=pjpg&auto=webp&s=503eaae5d571885dab4dce0cc6b600ee2cfb88b2

yall still thinking gyna or ü•≠ folds this weekend?",19,2025-04-11 21:58:58
mmmyn7r,1jwz0xf,Jets237,"Anyone else a bit annoyed by this headline‚Ä¶.  Missing some context for those passive readers‚Ä¶.

https://preview.redd.it/lqsgtgcz2aue1.jpeg?width=1170&format=pjpg&auto=webp&s=e1e61a7fe97c18d12901c39994b53a32ebb39544",19,2025-04-11 22:00:08
mmmcevl,1jwz0xf,ViridianEight,Anyone else thought the market was primed to completely shit itself on wednesday before ü•≠ executed order 66 on bears? Thats where everything went wrong for me,39,2025-04-11 20:02:23
mmmkioh,1jwz0xf,bullrfuk,Fox News brings back tickers at the bottom of the screen after removing them last week LMAO,37,2025-04-11 20:43:31
mmmd37g,1jwz0xf,teskune,Everything logical just screams we should be in a bear market but it just feels like the market desperately wants to go up and clings onto every bit of positive information to do so.,19,2025-04-11 20:05:45
mmmhfm6,1jwz0xf,TooSmartForBullshit,"I‚Äôll never not be amazed by my ability to consistently make the wrong move every time since I took a massive loss last month. If I get into a winning trade, I exit way too early, if I get into a trade that ends up losing, I‚Äôm only up a percent or two for hours before it suddenly tanks.",18,2025-04-11 20:27:44
mmmos7r,1jwz0xf,clearside,"So ü•≠ broadcasted his pain point is the bond market and gave all our leverage away. 

‚ÄúArt of the deal‚Äù dipshits.",18,2025-04-11 21:05:45
mmmpqb7,1jwz0xf,MoneyPrinter135,This past CPI report was the last one pre-tariff correct? ![img](emote|t5_2th52|12787),17,2025-04-11 21:10:53
mmmuw66,1jwz0xf,ProblemOk6840,So they can't close 1 deal for tiktok the app that gave an entire generation adhd in 90 days but somehow they are gonna close 150 deals in 90 days about  global trade.,18,2025-04-11 21:39:09
mmmy9gz,1jwz0xf,LURKER21D,"someone explain to me just 1 reason why the markets are up today.  we're so screwed when reality actually catches up to us. real wars, trade wars, inflation, polarization, federal deficit and bonds rising, unemployment, government agencies being axed, SS/medicare cuts, FDA exemptions for COAL, shipping people to EL SALVADOR, Suicide rates increasing, consumer confidence down. Swapping our allies from europe to russia, Oil prices below what it costs for us to produce. I could keep going. 

but yes, buy calls, markets are about to rip, SMFH",18,2025-04-11 21:57:58
mmn0ojv,1jwz0xf,LostandConfused2024,"Honestly, this is the best time in WSB to be a degenerate gambler.  The market is so volatile that even the dumbest fucking plays might make you a bajillionaire.",18,2025-04-11 22:11:49
mmn25cp,1jwz0xf,RepairmanJack2025,"Hear me out:  1) Crash the market,  2) Use the money you made shorting to buy Greenland, 3) Profit",18,2025-04-11 22:20:19
mmmdg4j,1jwz0xf,BIP3N,"China increases tariffs to a cool 125%, Apple increases 5% on the day.",53,2025-04-11 20:07:34
mmmefgt,1jwz0xf,BarryMihupinner,Stocks up VIX up bond yields up. Shit even bitcoin is up. Something is fucky,16,2025-04-11 20:12:33
mmmm70t,1jwz0xf,DrElkSnout,"The fact that gold is $3,235 approx and not even a peep from people is absolutely bonkers.",16,2025-04-11 20:52:10
mmmo6g7,1jwz0xf,CPA-hole,Made $680 today ![img](emote|t5_2th52|8883),18,2025-04-11 21:02:33
mmmr2k5,1jwz0xf,OrdinaryMix4013,#ü•≠: why wont Xi call me back!? WAHHHHHHHH üò≠üò≠üò≠üò≠,17,2025-04-11 21:18:12
mmmr3ds,1jwz0xf,strangehitman22,"Lost 2k first week ""investing"" in options, disabled them, and now I'm just gonna chill.",17,2025-04-11 21:18:20
mmmss3k,1jwz0xf,fallout3king83,"Staff: Mr. President Xi is in the phone!

Trump: bout time! Hello Xi how are you

Xi: Very good thank you do you have time to talk about your cars extended warranty (background laughter)...phone disconnects.",17,2025-04-11 21:27:32
mmmw7gz,1jwz0xf,InstructionNo4546,US could have had a trade war with China in 2010 and won in about 5 minutes. Instead we‚Äôre having it in 2025 and getting ass pounded by the bond market.,17,2025-04-11 21:46:28
mmn0co4,1jwz0xf,Swegmaster2c,"lost almost everything this week, not sure that I‚Äôm feeling so good üò≠",17,2025-04-11 22:09:54
mmmcv6y,1jwz0xf,chobro17,Raise your hands if you had puts and kept on buying its dip,34,2025-04-11 20:04:40
mmmd3cr,1jwz0xf,BIP3N,This week was the most retarded week in history.,35,2025-04-11 20:05:47
mmmfld6,1jwz0xf,spellbreaker,"Wednesday's insane pump coupled with today's midday rally really shows anyone with even half half a brain all they need to know about the markets right now.

Shit WANTS to pump. Markets are looking for ANY EXCUSE.

At this point, some SUPER FUCKING BAD MOJO HOJO would have to go down over the weekend to make any kind of waves; meanwhile Trump gently farts in the right direction and we will see a +5% Monday.

There's disproportionate upside risk right now, is what I'm saying.

&nbsp;

Or I've been day drinking and I'm yapping on a Friday afternoon who knows.",36,2025-04-11 20:18:24
mmmlsem,1jwz0xf,bullrfuk,"China: ""We are going to build our future on science and technology. we working on a new fusion technology.""

America: ""We are going to build our future on coal""

LMAO",34,2025-04-11 20:50:05
mmmi9mb,1jwz0xf,Diamondhands4dagainz,What a ridiculous day. Nothing but bearish news and the market just pumped like nothing else,16,2025-04-11 20:31:59
mmmr8jg,1jwz0xf,btx1988,Made 20 bucks today,16,2025-04-11 21:19:06
mmmsd8o,1jwz0xf,ProfessionalCool6912,And just like that I‚Äôm gonna turn this $7k of genuinely hard earned cash into‚Ä¶ nothing üòè,16,2025-04-11 21:25:15
mmmuubc,1jwz0xf,WSB_Mods_are,Shaved my 6 month beard. Regret it instantly. I look like such a stupid bitch now ![img](emote|t5_2th52|4260),16,2025-04-11 21:38:52
mmmxzbx,1jwz0xf,tiny_toof,this week felt like 10 years,16,2025-04-11 21:56:22
mmmy4a5,1jwz0xf,bullrfuk,He paused tariffs for 90 days which means we will have another Liberation Day on or around 4th of July LMAO,16,2025-04-11 21:57:09
mmn21e8,1jwz0xf,looool_k_libtard,China deal gets announced Sunday.  And by deal I mean 1776% tariffs because he thinks that would be funny.,16,2025-04-11 22:19:41
mmmczws,1jwz0xf,Final_Historian7309,Trap is set ![img](emote|t5_2th52|4271)![img](emote|t5_2th52|4271)![img](emote|t5_2th52|4271),14,2025-04-11 20:05:19
mmmtp1b,1jwz0xf,Dysentery--Gary,"So Dell pauses shipments on laptops and it goes up 3%.

Nothing makes sense.",15,2025-04-11 21:32:33
mmmu67k,1jwz0xf,SoloOutdoor,When Karen cant order shit to get an amazon delivery every day youll know we have started to feel it.,15,2025-04-11 21:35:11
mmmuf0c,1jwz0xf,diefy7321,"> Xi will visit Vietnam from April 14 to 15, and Malaysia and Cambodia from April 15 to 18. The rare trips are a high-profile personal diplomatic effort by Xi, who last visited Cambodia and Malaysia nine and 12 years ago respectively‚Ä¶

Cambodia & Malaysia: *Oh NOW you remember us, huh?!* ü§î",15,2025-04-11 21:36:32
mmmvm3b,1jwz0xf,LasyKuuga,This week was rational and made sense![img](emote|t5_2th52|31225),15,2025-04-11 21:43:10
mmmymfs,1jwz0xf,juliettecrispy,Fuck this bridge is high,15,2025-04-11 22:00:01
mmn2ljz,1jwz0xf,Jacobdlt,Played options this week and let‚Äôs just say I‚Äôll have something to write off on my taxes next year.,15,2025-04-11 22:22:56
mmn2snf,1jwz0xf,juliettecrispy,"Using jumper cables from my car on both my balls rn

Im shocked it feels so good",15,2025-04-11 22:24:04
mmmnu84,1jwz0xf,Happy_Discussion_536,"Inflation expectations for year ahead highest since 1981 at 6.7%.

Better get out of cash.",15,2025-04-11 21:00:46
mmmz4lu,1jwz0xf,Backhandslap88,"Love how WMT pulls guidance and says tariffs fuck them, and then proceeded to do +15% and have 3 Green Day‚Äôs in a row. ![img](emote|t5_2th52|8883)",14,2025-04-11 22:02:52
mmn004n,1jwz0xf,MyLuckIsTurning,Casually holding a portfolio of 100% leveraged ETFs and options into this weekend,14,2025-04-11 22:07:55
mmn1s8u,1jwz0xf,juliettecrispy,The bungee jumping cable goes around your neck right?,14,2025-04-11 22:18:12
mmmcm6t,1jwz0xf,1984rip,"This week was like watching one of those indie movies where it's entertaining but they can't think of a good ending. So it just randomly ends, and you're like ""uh ok.""",30,2025-04-11 20:03:24
mmmcrd3,1jwz0xf,Rude_Cheetah_4689,I lost everything,29,2025-04-11 20:04:08
mmmkgsv,1jwz0xf,FreshJohansen96,"Fuck it, going to club tonight and getting a girl. Prolly go home alone but I'll try my best ![img](emote|t5_2th52|8883)",33,2025-04-11 20:43:15
mmmdo8x,1jwz0xf,JokerKing05,Couldn‚Äôt help myself had to get a put.,14,2025-04-11 20:08:42
mmmecj0,1jwz0xf,blumpkinspatch,I‚Äôm still down 24% from recent highs. I wonder who I can blame for this‚Ä¶ gays?,13,2025-04-11 20:12:08
mmmevb5,1jwz0xf,wallstreligion69,Yields up and dollar down. Perfect day for a stock market rip brother ü•±,13,2025-04-11 20:14:45
mmmfz6a,1jwz0xf,randombeing0325,Imagine you hack ü•≠ truth social account and it‚Äôs 99% him just trying to slide in fattys dms and one dick pic sent to Xi,13,2025-04-11 20:20:21
mmmgkq0,1jwz0xf,Betabutter,Down 50% port today. I‚Äôm a certified retard üòé,14,2025-04-11 20:23:23
mmmgldd,1jwz0xf,warmturtle5758,I'm never touching short term spy options again for as long as I live ![img](emote|t5_2th52|4271),13,2025-04-11 20:23:28
mmmhzu4,1jwz0xf,JMaguire204,"Please mango just one tweet‚Ä¶..

‚ÄúI will raise Tariffs on China Taiwan Brazil Japan Libya Guatemala Somalia Lesotho Botswana to million billion percent‚Äù",13,2025-04-11 20:30:35
mmmk2fu,1jwz0xf,bullrfuk,"Earnings season starts next week. The new buzzword will be ""tariff uncertainty"" LMAO

I wonder how many companies will pull their guidance.",12,2025-04-11 20:41:14
mmmmt2d,1jwz0xf,bullrfuk,Breaking News: Mango challenges Xi to a cage match at WrestleMania 41 to settle their differences,14,2025-04-11 20:55:19
mmmmz4m,1jwz0xf,NewAtmosphere2443,"""They hate our beef because our beef is beautiful and theirs is weak"" - U.S. Commerce Secretary¬†",13,2025-04-11 20:56:12
mmmq81m,1jwz0xf,bullrfuk,Fox News removing stock tickers was the bottom LMAO,13,2025-04-11 21:13:34
mmmsmvj,1jwz0xf,TurielD,"[Mortgage rates surge over 7% as tariffs hit bond market](https://www.cnbc.com/2025/04/11/mortgage-rates-surge-tariffs-bond-market.html)

So much winning.",13,2025-04-11 21:26:44
mmmt71k,1jwz0xf,WhiteColllarCrime_69,"Who am I 

Where am I 

What happened to all my money",13,2025-04-11 21:29:47
mmmyajw,1jwz0xf,No_Sale7548,Saddest thing about this week was that I swung down and swung up 6 figures and ended up exactly where I began. I sold my puts a day to early and sold my calls a day too early and missed out on life changing gains. üòÇ,13,2025-04-11 21:58:08
mmmzdss,1jwz0xf,CaponeBK,Anyone else burnt out last two weeks?,13,2025-04-11 22:04:20
mmn3nwd,1jwz0xf,richbeezy,"They brought back the ""R"" word because that is the only possible way to describe what is going on.",13,2025-04-11 22:29:12
mmmuy54,1jwz0xf,Kants_wet_dream,"The tards who think Xi is going to back down don't know shit about Chinese politics.  The dude is a complete ideological nutjob and only cares about making himself the next Mao Zedong.

The shit show will continue.",38,2025-04-11 21:39:27
mmmcjet,1jwz0xf,arbitraryBlue,I'm feeling good about my calls. So i'll probably be red on Monday ![img](emote|t5_2th52|4260),13,2025-04-11 20:03:01
mmmd7l7,1jwz0xf,wavyhaze,"Yeah, I have no fucking clue what I‚Äôm doing ![img](emote|t5_2th52|12787) this has humbled me greatly",12,2025-04-11 20:06:22
mmmd810,1jwz0xf,chalupabatman2404,China is not calling over the weekend Donald,12,2025-04-11 20:06:25
mmmdg27,1jwz0xf,LazerBurken,"The only deal Gyna gonna accept at this point is for the tariffs to be completely eliminated, even the ones from 2016 trump and before, and Mango has to apologise.

Trump has got ""no cards"" on his hand and can't afford the US economy to collapse.",11,2025-04-11 20:07:33
mmmgxut,1jwz0xf,felis_scipio,"Had a replay of all my classic option trading hits this past week

* come up with a fairly good initial plan balancing my heavy investment into puts with calls to recover my initial buy in that should have made money
* holding onto options that have gained significant value for too long, fuck 4-6x returns this is going to be the mega dump and I want in! Only to watch things quickly flip and the gains fade away
* not buying multiple contracts so I can cash out most for nice gains but still have a little action in play
* not cutting my losses quickly enough and forgetting how quickly the theta gang is coming for my unlubed asshole
* panic selling options that still had lots of time to gain value from a volatile market
* forgetting day trading limits and getting stuck in dumb positions because I‚Äôm a poor degenerate that doesn‚Äôt have 25k to swing around

Every option I had going into this week would have made money if I had just been happy with 4-6x gains and I managed to to loose 87% of my money

I‚Äôm going back to fucking scratch off tickets

![img](emote|t5_2th52|52627)",11,2025-04-11 20:25:14
mmmhdbx,1jwz0xf,NonsensicalWorries,OPEN THE CASINO,13,2025-04-11 20:27:24
mmmhnym,1jwz0xf,dljmonkeyboiz,ChatGPT analyzing my trades this week just sent me directions to the back of the nearest Wendy‚Äôs dumpster.,13,2025-04-11 20:28:54
mmmlgwa,1jwz0xf,TheRootOfMostEvil,Going to go do food delivery this weekend to make up for my losses ![img](emote|t5_2th52|52627),12,2025-04-11 20:48:25
mmmlj0g,1jwz0xf,talaabo,News is out M0ngo team have been begging China not to retaliate behind the scenes and it failed.,12,2025-04-11 20:48:43
mmmn55w,1jwz0xf,isospeedrix,"I‚Äôm bearish on the market but I‚Äôm GIGA bull on HOOD. If I had to choose only 1 stock to invest it would be hood. 

Guarantee u this volatility got tons of people trading. Their next earning will be explosive. Plus they adding actual betting LOL GG hood to 200",12,2025-04-11 20:57:05
mmmo3nw,1jwz0xf,artandambition,We can say retarded again?,12,2025-04-11 21:02:09
mmmqtjg,1jwz0xf,XxVarolzxX,This was not the week to get into options üòî at least not for a regard like me ![img](emote|t5_2th52|52627)![img](emote|t5_2th52|52627)![img](emote|t5_2th52|4267)![img](emote|t5_2th52|4267),12,2025-04-11 21:16:50
mmmr4gj,1jwz0xf,memelackey,"Bond yields cracked 5% and I cracked open a Lunchable.
We are not the same. LMAO ü§å",12,2025-04-11 21:18:29
mmmrdj3,1jwz0xf,just_here_to_lurkk,I bought calls and puts for next week to hold over the weekend about 15 min before close and both increased in value. I think I found an infinite money glitch?,12,2025-04-11 21:19:51
mmmrf91,1jwz0xf,KahlVados,"Has Xi called yet?

Can someone check if the phone is working?",11,2025-04-11 21:20:06
mmmrtrt,1jwz0xf,Reasonable_Tower3816,"today i lose $5,385.62",12,2025-04-11 21:22:18
mmmt14m,1jwz0xf,OrdinaryMix4013,#imainge being gen z lmao! ü§°ü§°,12,2025-04-11 21:28:53
mmmt53v,1jwz0xf,Fit-Butterscotch4513,"So your telling me NVDA is back to where it was before the tariffs were first annouced? while there is 100% tariffs on China and US, among all the rest with talks of inflation and recession.... and this makes sense to people?",12,2025-04-11 21:29:30
mmmxwln,1jwz0xf,RunesDubloons,"#Your Employer Sponsored Healthcare Coverage Provider:
>1 month return: -6.9%

>1 year return: -22%

#Pissy Doo Doo's Shit-Your-PantsCoin
>1 month return: 48%

>1 year return: 567%",12,2025-04-11 21:55:57
mmmxxhv,1jwz0xf,Kants_wet_dream,"Mod request: Can we auto-ban the tards who use the term ""priced in""?  What about the last weeks makes you cocksuckers think this market is rational?",12,2025-04-11 21:56:05
mmn2spn,1jwz0xf,talaabo,Panicans stand back and stand by,12,2025-04-11 22:24:05
mmmmhz7,1jwz0xf,bullrfuk,"Remember 2019?

Mango: I had a great phone call with Xi today.

SPY up 2%

Xi: That phone call didn't happen.

SPY up another 2%",24,2025-04-11 20:53:43
mmmysp1,1jwz0xf,WombatShwambat,What in the actual fuck was that week? Why have I aged 84 years? How am I supposed to survive 4 years of this? Who‚Äôs got lorazepam?,23,2025-04-11 22:01:00
mmmdoja,1jwz0xf,None,[deleted],12,2025-04-11 20:08:45
mmmdw2n,1jwz0xf,Neel_Crashkari,"Made $160 today on 7 trades

Recession canceled. Bers rekt",11,2025-04-11 20:09:48
mmmeybk,1jwz0xf,violet_evergarden8,Monday's gonna be another theta day. Bol bers never win. Stupid fucking market,12,2025-04-11 20:15:10
mmmgxlp,1jwz0xf,Fatt-Elvis,After all that I'm up $300 this week.  Totally worth 3 sleepless night,11,2025-04-11 20:25:12
mmmhs96,1jwz0xf,codespyder,IM BROKE MAN IM BROKE,10,2025-04-11 20:29:30
mmmjvow,1jwz0xf,bullrfuk,Liberation Day canceled LMAO,11,2025-04-11 20:40:18
mmmk5ci,1jwz0xf,fallout3king83,10y could hit 5% before bedtime,11,2025-04-11 20:41:38
mmmkrti,1jwz0xf,im-doing-it-again,Money kinda feels like tokens at a theme park,10,2025-04-11 20:44:50
mmmliw4,1jwz0xf,BoozeYourDaddy,"Holy shit when you realize after everything that happened this week, spy ended almost completely flat on the 1w chart",11,2025-04-11 20:48:42
mmmlyu1,1jwz0xf,aftherith,So like 10k to every greenlander that's like 200k. We can probably afford to double it if they play hard ball. Maybe throw in a couple hundred to each penguin.,11,2025-04-11 20:51:00
mmmmzxq,1jwz0xf,CSStudent15,"Why did I buy puts EoD , my weekend is fucked already ![img](emote|t5_2th52|4640)",11,2025-04-11 20:56:19
mmmn98l,1jwz0xf,broncocannon,"Each time I‚Äôm in a uber I just make up a new story for myself, I‚Äôm microdosing dishonesty",10,2025-04-11 20:57:40
mmmnz1x,1jwz0xf,Objective-Muffin6842,Can't believe Joe Rogaine just passed away,11,2025-04-11 21:01:27
mmmoemp,1jwz0xf,TopherBrennan,I cannot fucking *wait* for the market to suddenly remember TSLA has earnings coming up.,10,2025-04-11 21:03:45
mmmpb42,1jwz0xf,7253uy,Whatever trade deal Trump makes with China I can't help but feel will be worse than where we were a few weeks ago before the tariffs started,11,2025-04-11 21:08:35
mmmsjup,1jwz0xf,apurimac777,"*Will we need to drill below 488 next week to get our tweet?*

*Tune in next time on Mangoball Z*",11,2025-04-11 21:26:16
mmmu673,1jwz0xf,00000zero,One day I feel poor then next day I feel rich ‚Ä¶ don‚Äôt think this market is good for my mental health tbh ![img](emote|t5_2th52|4260),11,2025-04-11 21:35:11
mmmwfeg,1jwz0xf,kenathen,no raise from mango.  folded,11,2025-04-11 21:47:41
mmmwgc5,1jwz0xf,Harvooost,"Monday is gonna be üî•litüî• like

üî•*oh no I've lit all my money on fire*üî•",11,2025-04-11 21:47:50
mmmwopn,1jwz0xf,talaabo,"The Chinese are laughting at us, ""American's a begging for eggs and fighting a tariff war""",11,2025-04-11 21:49:09
mmmyq7m,1jwz0xf,InstructionNo4546,These China AI factory memes are pretty good. I gotta admit they boomed us this time.,11,2025-04-11 22:00:36
mmmyyew,1jwz0xf,Deshen87,"Okay so how is China and US coming to the negotiation table? Will probably not happen, China know that US will make regarded claims that can not be resolved, like ip-theft and so on. So there is no point in going into negotiations for China![img](emote|t5_2th52|4259)

Mangos art of the deal will most likely lead to a halted trade between China and the US, and higher tariffs to other countries around the world. And he has created enormous uncertainty in the economy and markets![img](emote|t5_2th52|4640)

I really think market still is in heavy![img](emote|t5_2th52|18630)mode. There is no easy solution to the mess Mango has caused and it will probably lead to a massive recession soon.",11,2025-04-11 22:01:54
mmn0a79,1jwz0xf,568Byourself,"It‚Äôs over for us Bers if we‚Äôre allowed to say the r word again, I‚Äôve never seen a more convincing argument to switch back to being Bol",11,2025-04-11 22:09:30
mmn0exy,1jwz0xf,juliettecrispy,Idling my audi in the garage before it gets repo‚Äôd,11,2025-04-11 22:10:16
mmn0fh3,1jwz0xf,WSB_Mods_are,In high school I literally woke up to a half naked girl in my bed and still didn't know she was into me ![img](emote|t5_2th52|52627),11,2025-04-11 22:10:21
mmn0p00,1jwz0xf,budsonguy,It‚Äôs the weekend boys. The gooning starts now,11,2025-04-11 22:11:53
mmn1krk,1jwz0xf,Elementaldose,"Lately I wake up from naps or sleep in panic assuming I have a position I left open, but then I check my phone and there's nothing ![img](emote|t5_2th52|31225) I think I have PTSD",11,2025-04-11 22:16:58
mmn2z37,1jwz0xf,BossDeeJay,"What china doesn't know is that we are able to stay retarded longer than they can stay solvent.


God I'm so glad we can say that again",11,2025-04-11 22:25:07
mmn399w,1jwz0xf,juliettecrispy,Got an itch on the roof of my mouth only a 12 gauge could scratch,11,2025-04-11 22:26:47
mmn4p5t,1jwz0xf,GeorgeWashingtonTFP,"What a stupid shit day. Dump Monday or pump Monday who knows, depends on one guys decision to tweet a couple of words in full caps.![img](emote|t5_2th52|8883)",11,2025-04-11 22:35:28
mmmwuzj,1jwz0xf,HorseTanker,"Hey, any r/conservative lurkers in here??

Fuck you ‚ù§Ô∏è",50,2025-04-11 21:50:07
mmmckd6,1jwz0xf,BullPropaganda,This game sucks,10,2025-04-11 20:03:09
mmmd6w3,1jwz0xf,Schnoodle-98,US treasuries continuing to spike? Find out next week I guess.,10,2025-04-11 20:06:16
mmme5aj,1jwz0xf,boozdooz22,"Such a boring, gay fucking day",11,2025-04-11 20:11:07
mmmely7,1jwz0xf,yes_ur_wrong,i sold my puts so i expect cheeto to declare war on denmark,9,2025-04-11 20:13:26
mmmeuqw,1jwz0xf,dljmonkeyboiz,"Today‚Äôs price action makes no sense ‚Ä¶ which makes sense in this market. ü§î Anyways, here are your fries.",9,2025-04-11 20:14:41
mmmeuyr,1jwz0xf,PutzOnDonleon,China raised tariff on u.s. to 125%. The 2 largest economies have basically place trade embargo on each other. Markets r fuk aswell as inflation and jobs.,10,2025-04-11 20:14:43
mmmey8x,1jwz0xf,cyssormetimbers,"What a week‚Ä¶ so bath salts, are ya supposed to smoke them or use the package like a suppository?",11,2025-04-11 20:15:10
mmmf2db,1jwz0xf,ConfusionOpen2262,"The market goes down, I get screwed over. The market goes up, I *still* somehow get screwed over..",10,2025-04-11 20:15:44
mmmfd3n,1jwz0xf,RoninKnight17,"I did puts over the weekend, am I cooked ![img](emote|t5_2th52|4260)![img](emote|t5_2th52|31225)",10,2025-04-11 20:17:15
mmmgrre,1jwz0xf,xvvxvvxvvxvvx,Lol Tesla is so cooked. No more trading with China and America and Europe hate the CEO. Elon is the poster child of leopard ate my face,10,2025-04-11 20:24:23
mmmgtsn,1jwz0xf,nevergonnastawp,Let's get retarded in here,10,2025-04-11 20:24:40
mmmhfyj,1jwz0xf,JoeyBox1293,"Holding my weekly P‚Äôs over the weekend, theyre already evaporated who cares",10,2025-04-11 20:27:46
mmmhj5a,1jwz0xf,SaveTheAles,I would like to return these friends I made along the way. They broke as shit.,9,2025-04-11 20:28:13
mmmilh5,1jwz0xf,hettygreentypebeat,"i know we like to hee haw about the wendy's dumpster and being poor, but some posts i've seen on here..... are you guys ok",10,2025-04-11 20:33:41
mmmkx7u,1jwz0xf,GoogleKushforLunch,Holding over the weekend kind of scared,9,2025-04-11 20:45:34
mmml7ax,1jwz0xf,fallout3king83,What if china makes a secret deal with Greenland and calls it Xi-land ![img](emote|t5_2th52|4271),9,2025-04-11 20:47:01
mmmllma,1jwz0xf,bullrfuk,"People used to say ""futes don't mean shit unless they move 1% in either direction"". Turns out they don't mean shit even if they move 5% in either direction. LMAO",9,2025-04-11 20:49:06
mmmlxji,1jwz0xf,SaveTheAles,Held onto my egg futures too long now they are poultry futures.,9,2025-04-11 20:50:48
mmmn7lq,1jwz0xf,bullrfuk,"We are so getting used to these 4-5% days. When market goes back to its regular settings of moving only 0.2% per day, we'll get so bored LMAO",10,2025-04-11 20:57:26
mmmoz43,1jwz0xf,chobro17,I dropped $2000 on a random stock I've never heard of after seeing a random DD at WSB. Am I retarded?,9,2025-04-11 21:06:46
mmmpjw0,1jwz0xf,bullrfuk,"This week CPI and PPI both came below expectations.

Good job JPow's quant guy!",11,2025-04-11 21:09:55
mmmrttj,1jwz0xf,ForestFyre,#I AM HELICOPTERING IT,9,2025-04-11 21:22:19
mmmsjlx,1jwz0xf,ForestFyre,Xi‚Äôs a 10 but Xi just increased tariffs ![img](emote|t5_2th52|4260),10,2025-04-11 21:26:14
mmmtdzs,1jwz0xf,RememberTooSmile,"the virtue signaling on r/daytrading is absurd, mfs just post the same ‚Äúhere‚Äôs how to tradeü§ì‚Äù shit over and over daily",10,2025-04-11 21:30:51
mmmvs0b,1jwz0xf,bullrfuk,"Both China and Mango said they are done hiking tariffs for now.

We tariff them 145% and they tariff us 125% LMAO",10,2025-04-11 21:44:05
mmmw04d,1jwz0xf,cryptohorn,Fat fks will riot when they don't have their cheap Chinese crap. It hasn't hit them yet.,10,2025-04-11 21:45:21
mmmxffc,1jwz0xf,CarlWh3ezer,Looking at the money I lost and imagining what I wouldve done with it instead.  Probably some more 0DTEs tbh.,10,2025-04-11 21:53:17
mmmywsx,1jwz0xf,apurimac777,"Its pretty clear China's strat is to troll ü•≠ into 10^1000% tarrifs with these dope memes they dropping

The resulting panic will force him to concede everything when SPY drills to $1",10,2025-04-11 22:01:39
mmmzn46,1jwz0xf,meraedra,Another up day and for what reason bruh![img](emote|t5_2th52|4271),10,2025-04-11 22:05:50
mmmzuvj,1jwz0xf,Lazy_Sugar892,Only 3.6 years for ü•≠ to go ![img](emote|t5_2th52|4271),10,2025-04-11 22:07:05
mmmzz1q,1jwz0xf,RunesDubloons,"#POV: Your coworker is a crypto bro

>""Dude, holy shit, you'll never believe it! I'm fucking rich, man! Let's go to lunch and celebrate, I should have a couple mil- *checks account* oh wait, what gives- hey, wait, what gives! It just said I had like 8- oh wait, nevermind dude, let's go!! We're eating good today, homi- ah shit, it's doing it again! Now it says I OWE them money dude, What The Fuck?!?!?!?""",10,2025-04-11 22:07:45
mmn1h9u,1jwz0xf,StonkStrategist,Puts too obvious for Monday. So I bot it,10,2025-04-11 22:16:25
mmn339h,1jwz0xf,guzzledglizzy,I think I figured it out. I‚Äôm not regarded enough to make life changing money. I‚Äôm just the level of regarded where I lose everything trying,10,2025-04-11 22:25:48
mmn3xtt,1jwz0xf,Big-Scene-4935,"Lost a few hundred on the market, made it back at the casino. There truly is balance",10,2025-04-11 22:30:51
mmn4b4q,1jwz0xf,bullrfuk,"In 2022 the buzzword was ""supply chain issues"". Every company that missed estimates used that as an excuse. Now the buzzword will be ""tariff uncertainty"" when the earnings season starts next week LMAO",10,2025-04-11 22:33:05
mmmc2xc,1jwz0xf,Ok_Competition1524,"China increases tariffs on US. 

Market goes up. 

Perfectly Balanced.",29,2025-04-11 20:00:44
mmmdbq9,1jwz0xf,sxiom,"Okay Traders,

I‚Äôm gonna fucking say it‚Ä¶

#RETARDS",27,2025-04-11 20:06:57
mmmiswo,1jwz0xf,bullrfuk,"Mango: ""I don't pay attention to the stock market""

Also mango: ditches his biggest campaign promise because markets dipped and brags about stock recovery all day LMAO",25,2025-04-11 20:34:45
mmmcg6g,1jwz0xf,3Sayndre,losing money and life expectancy ![img](emote|t5_2th52|31226),20,2025-04-11 20:02:34
mmmddy4,1jwz0xf,Efficient_Fly_520,#SURVEY: 80% OF INVESTORS EXPECT US CHINA TARIFFS TO BE GONE WITHIN THE NEXT 3 MONTHS - CNBC,22,2025-04-11 20:07:16
mmmfmdh,1jwz0xf,None,[deleted],17,2025-04-11 20:18:33
mmmp1br,1jwz0xf,Scarface-83,"Good day in market = buy cocaine to celebrate

Bad day in market = buy cocaine to cope

Outcome = cocaine",19,2025-04-11 21:07:06
mmmpqhk,1jwz0xf,bullrfuk,"WSB during bull market: ""Can't wait for markets to dip to buy stocks on a deep discount""

*Market dips*

WSB: Time to buy some puts",20,2025-04-11 21:10:54
mmmqjg3,1jwz0xf,dogs_and_stuff,"Dear Xi, 

I wrote you but you still ain‚Äôt calling

I left my cell, my pager, and the White House phone at the bottom",19,2025-04-11 21:15:18
mmmzlze,1jwz0xf,Particular-Back610,"fucked I aged ten years in one week
can't handle this shit much longer
mango needs to go",22,2025-04-11 22:05:39
mmmc7mn,1jwz0xf,bornofsupernovae,Make insider trading illegal again,10,2025-04-11 20:01:23
mmmcv4t,1jwz0xf,nuttygood,"Made 10% today. Chillin. Enjoy the weekend, regards",9,2025-04-11 20:04:40
mmmdcl8,1jwz0xf,looool_k_libtard,10 year is going to 11% and ü•≠ will get interview questions about how he was able to be such a good golfer,9,2025-04-11 20:07:04
mmme2y3,1jwz0xf,MyLuckIsTurning,A good portion of the day is just algos fucking each other and a bunch of spectators. A modern renaissance.,8,2025-04-11 20:10:47
mmme88c,1jwz0xf,winner_in_life,üçä checked his phone and still 0 missed call üò¢,9,2025-04-11 20:11:32
mmmed3i,1jwz0xf,None,[deleted],9,2025-04-11 20:12:13
mmmf11l,1jwz0xf,SULT_4321,Now to spend the whole weekend furiously watching ü•≠‚Äòs TRUTHs for secret clues... ....,9,2025-04-11 20:15:33
mmmfd6v,1jwz0xf,racerx1913,"Pretty sure the market just reverse psychologies the hell out of a lot of us. I am literally going to do the opposite of my gut next week and see what happens, it cant be worse that what I normally do.",9,2025-04-11 20:17:16
mmmhf3k,1jwz0xf,666KekLord420,When I capitulate and put my money in stuff I don‚Äôt have to really monitor because I can‚Äôt watch truth social the entire day at work ![img](emote|t5_2th52|4260)![img](emote|t5_2th52|4267),9,2025-04-11 20:27:39
mmmhicn,1jwz0xf,Jeffoxy,have the joint health of a 55 year old man at 30 ![img](emote|t5_2th52|27421),9,2025-04-11 20:28:07
mmmj5ir,1jwz0xf,Happy_Discussion_536,"Bears didn't lose money.

They paid fair and reasonable fees for advanced risk management and hedging strategies.",9,2025-04-11 20:36:34
mmmji6x,1jwz0xf,Retaining-Wall,"Wendy's near me went under so now I have to give blowies at Walmart, which I hate because I don't like to mix work with my personal life. Pfft.",10,2025-04-11 20:38:23
mmmjjc4,1jwz0xf,bullrfuk,"Here is a python code for ber

>bers.insert(fries, bag)

>print(bag)",9,2025-04-11 20:38:33
mmmlul7,1jwz0xf,turbo_gunter,Got out of Tesla puts for a profit at the bottom this morning. Reloading on Monday.,9,2025-04-11 20:50:23
mmmly0v,1jwz0xf,abbeynottooshabby,"Looks like gyina is ready to let the ""phone ring off the hook"" for 5000 years.

https://www.reddit.com/r/therewasanattempt/comments/1jwt0nf/to_bully_a_5000_year_old_civilization/",9,2025-04-11 20:50:53
mmmn6i2,1jwz0xf,SULT_4321,"I don't think it's good for my mental health, knowing that someone is stealing my retirement savings every single day",10,2025-04-11 20:57:16
mmmnu4t,1jwz0xf,Toothlesskinch,"Expecting circuit breakers this week after historic losses the previous week was not the play. Betting there will be some break in the china tension in the next couple weeks that will cause a pop over 550, maybe even to 570, then grind down for 6 months as the long term knock-on effects of this stupidity become evident. Weekly calls short term then monthly puts after.",9,2025-04-11 21:00:45
mmmoiup,1jwz0xf,bullrfuk,">President Donald Trump has asked the US Supreme Court to let him fire top officials at two independent agencies, citing a need to assert executive power over federal regulators.

That explains why Fed caved and pivoted today LMAO",9,2025-04-11 21:04:22
mmmpzt6,1jwz0xf,bullrfuk,Mango ordered Elon's SpaceX to find life in space so that we can start tariffing aliens too LMAO,9,2025-04-11 21:12:20
mmmq90f,1jwz0xf,WickedTwista,"The Euro gained like 4% in the last day over the US dollar

That's a huge swing",8,2025-04-11 21:13:43
mmmt4so,1jwz0xf,dljmonkeyboiz,China going nuclear and gonna block American‚Äôs access to TikTok this weekend. Imagine an American population that can‚Äôt scroll through TikTok reels.,9,2025-04-11 21:29:27
mmmtfz1,1jwz0xf,SquirrelSlow3705,"Winnie Pooh is a bear, too‚Ä¶ isn‚Äôt he?",9,2025-04-11 21:31:09
mmmtsnx,1jwz0xf,MyLuckIsTurning,"Up 17% on the 1 month I don't belong here. üò≠

Down 67% all time okay maybe I do. ![img](emote|t5_2th52|52627)",9,2025-04-11 21:33:07
mmmxsng,1jwz0xf,Tommysynthistheway,"* [CNN‚Äôs Kylie Atwood reported](https://edition.cnn.com/2025/04/11/politics/trump-china-trade-war-tariffs-strategy/index.html) that the administration had privately warned the Chinese not to respond to the US tariffs and that Xi should request a call with Trump, a source familiar with the discussions said. Such a move would have implied that the Chinese president was a supplicant to the US president who started the standoff, an intolerable possibility for Beijing.

![img](emote|t5_2th52|8882)",9,2025-04-11 21:55:20
mmmyhzc,1jwz0xf,sonofalando,I think Walter Bloomberg is tired he only posted 5 updates today ![img](emote|t5_2th52|4271),9,2025-04-11 21:59:19
mmn054l,1jwz0xf,Ariose_Aristocrat,remember guys rope prices will go up with the tariffs so buy now,9,2025-04-11 22:08:43
mmn0lry,1jwz0xf,TheRootOfMostEvil,Just bought some crack for the weekend.  How do you use this stuff?,9,2025-04-11 22:11:22
mmn1ttp,1jwz0xf,eclectic_elm,when my girlfriend told me to invest my tax returns I don‚Äôt think she meant 0dtes  ![img](emote|t5_2th52|52627),9,2025-04-11 22:18:27
mmmcux2,1jwz0xf,lemoooonz,\-8k on apple puts,18,2025-04-11 20:04:38
mmmee6m,1jwz0xf,moorhound,"They Call me **007**

**0**

**0**

**7**

% of my portfolio worth remaining",16,2025-04-11 20:12:22
mmmgkq3,1jwz0xf,AddressSpiritual9574,"Literally spent my last dollar on puts. A 12 hour shift last night just to scrounge up $350. Fell asleep midday. Woke up to no money.

Literally would need to borrow money to eat. Luckily I‚Äôm fat and can use that for energy.

Time to work Uber for 36 hours over the next 3 days so I can make it back on Monday ![img](emote|t5_2th52|18630)![img](emote|t5_2th52|18630)",18,2025-04-11 20:23:23
mmmuuj8,1jwz0xf,neutralpoliticsbot,I love the feeling when you lose so much that you aren't even sad anymore,17,2025-04-11 21:38:54
mmmwc3t,1jwz0xf,TurielD,"[Trump's tariffs force laptop makers like Dell and Lenovo to halt US shipments](https://www.techspot.com/news/107504-trump-tariffs-force-major-laptop-makers-halt-us.html)

They join Razer in no longer selling in the US.

Wanna pay 6000 dollars for a laptop?",17,2025-04-11 21:47:11
mmmcjk5,1jwz0xf,jokull1234,"Dear Xi, I wrote you, but you still ain‚Äôt callin‚Äô

I left my cell, my pager, and my home phone at the bottom

I sent two letters back in autumn, you must not‚Äôve got ‚Äòem

There prob‚Äôly was a problem at the post office or somethin‚Äô

Sometimes I scribble addresses too sloppy when I jot ‚Äòem

But anyways, fuck it, what‚Äôs been up, man?",16,2025-04-11 20:03:02
mmmp0bs,1jwz0xf,lamewoodworker,"My dumbass bought puts in the morning and doubled down at close. If the US doesn‚Äôt have a full economic collapse by June, they are going to take my thumbs üò≠",16,2025-04-11 21:06:57
mmmul5v,1jwz0xf,InIce1234," üò¨üìû Why hasn't Xi called Mango yet?

üòÆ‚Äçüí® Because the 10-year is doing the talking for him.

![img](emote|t5_2th52|4267)![img](emote|t5_2th52|4271)",16,2025-04-11 21:37:28
mmmwcis,1jwz0xf,DipSniper69,Went mostly cash last month. Discovered options. Made 10K in puts. Lost 8K on Wednesday. Yolo'd my last 2K profits in puts and some calls for next month if these don't print I think I be done playing with options. Feel like I gained 5 years this week![img](emote|t5_2th52|4271),16,2025-04-11 21:47:15
mmmzh50,1jwz0xf,brbcryinginside,I started applying to jobs in Germany. Hopefully I can stay there 3 years,16,2025-04-11 22:04:52
mmmcp0o,1jwz0xf,SULT_4321,"Fund managers quietly fear Trump doesn‚Äôt have a tariff plan and that he ‚Äòmight be insane‚Äô.

Except Charles Schwab over here.  He made $2.5 Billion dollars today!",7,2025-04-11 20:03:48
mmmd5m0,1jwz0xf,ViridianEight,"In my fifth straight hour of brute forcing my way into ü•≠ truth social account. 

Soon it is I who will become death, destroyer of worlds",8,2025-04-11 20:06:06
mmmd7fo,1jwz0xf,SocraticGoats,I think I aged a year this week... I'm glad for once they closed the casino. Have a good weekend fellow regards ![img](emote|t5_2th52|8883),8,2025-04-11 20:06:21
mmmdfr9,1jwz0xf,None,[deleted],7,2025-04-11 20:07:31
mmmdm8r,1jwz0xf,monochrome_f3ar,TSLA finished green. Where's that guy that said he'd commit murder if it finished green???,7,2025-04-11 20:08:25
mmmenjo,1jwz0xf,Active-Direction-793,Last 10k loaded for next week. It‚Äôs fucking time boys,8,2025-04-11 20:13:40
mmmf2ox,1jwz0xf,sxiom,#THIS IS RETARDED,8,2025-04-11 20:15:46
mmmf356,1jwz0xf,pineapplekiwipen,Gyna said they'll no longer respond to tariff increases so now Donnie is free to set it at 666%,8,2025-04-11 20:15:50
mmmfxma,1jwz0xf,WeatherCritical7622,Sold my calls for a loss fearing China tariff reaction and the market went up. Nice.,9,2025-04-11 20:20:08
mmmg3tn,1jwz0xf,xxxgvjr,500 put limit buy didn't trigger I don't know if it's a blessing or a curse,8,2025-04-11 20:21:00
mmmghp7,1jwz0xf,smart_doge,"Could have made $350 more profit, but I üê±‚Äôd out by setting a covered calls at $67 for Uber ![img](emote|t5_2th52|31225)",7,2025-04-11 20:22:58
mmmgwxs,1jwz0xf,Ornery-Turn-373,Fucking hell of a week lads,9,2025-04-11 20:25:06
mmmgxs2,1jwz0xf,HiTechSoldierplus,I still cannot believe that I didn't sell the puts during Monday drop.,9,2025-04-11 20:25:13
mmmh2t3,1jwz0xf,VisualMod,"#Ban Bet Lost

/u/Local-Wall-4359 made a bet that SPY would go to 540.0 within **5 hours** when it was 522.186 and it did not, so they were banned for a week.

Their record is now 0 wins and 3 losses

[**Join WSB Discord**](http://discord.gg/wsbverse)",8,2025-04-11 20:25:56
mmmj1i3,1jwz0xf,TimelessTrance,I'm coming out of next week with something or nothing and going back to not touching options for a while.,8,2025-04-11 20:36:00
mmmjm8u,1jwz0xf,OfficeLazy2121,"I feel like instead of a red/blue pill.. I‚Äôve taken some kind of retarded magenta colored one that allows me to see just enough to make SOME money, but not enough to not lose all my money.",8,2025-04-11 20:38:57
mmmkciz,1jwz0xf,__pickle_rick,I blame this sub for me never being able to read the word regard and its derivatives (regarding regardless regards) the same ever again,9,2025-04-11 20:42:39
mmmkupd,1jwz0xf,Slycooper1998,Bears huddle up how we feeling going into Monday. I‚Äôm nervous,8,2025-04-11 20:45:12
mmmkzk8,1jwz0xf,theperezident94,"The US 10Y note and 3M bill, since it uninverted, has reinverted and uninverted‚Ä¶*checks notes* THREE TIMES in the last 6 weeks.",9,2025-04-11 20:45:55
mmml0d0,1jwz0xf,dylanx5150,"The only position I have right now is face down, ass up, while I get my anoos destroyed.",8,2025-04-11 20:46:01
mmml8q3,1jwz0xf,slado99,Could have had 1K more but the experience is worth it (it isn‚Äôt),7,2025-04-11 20:47:13
mmml9dl,1jwz0xf,memelackey,This market‚Äôs so bullish I saw JPow bench pressing GDP projections at Planet Fitness. LMAO ü§å,8,2025-04-11 20:47:19
mmmma7s,1jwz0xf,zNatural,Feeling a bit yippy in here,8,2025-04-11 20:52:38
mmmmbh2,1jwz0xf,VisualMod,"#Ban Bet Lost

/u/doscervezas2017 made a bet that SPY would go to 500.0 within **1 day** when it was 524.729 and it did not, so they were banned for a week.

Their record is now 0 wins and 1 losses

[**Join WSB Discord**](http://discord.gg/wsbverse)",8,2025-04-11 20:52:48
mmmme6o,1jwz0xf,nnrr987,#I SHAVED MY BUSH FOR THIS?!,9,2025-04-11 20:53:12
mmmmg4d,1jwz0xf,wavyhaze,fomo kills more portfolios than anything ![img](emote|t5_2th52|12787),9,2025-04-11 20:53:28
mmmmpuw,1jwz0xf,TSLARegard,up $19k since april 2nd im getting tired of winning,7,2025-04-11 20:54:51
mmmo7h1,1jwz0xf,BarryMihupinner,"Peasant dont even know fartcoin is up  89% this week, 234% on the month",7,2025-04-11 21:02:42
mmmolgv,1jwz0xf,bullrfuk,"""The next world war will be fought with tariffs and sanctions""

-Albert Einstein",7,2025-04-11 21:04:45
mmmotfh,1jwz0xf,Opposite_Engine_6776,Phones are ringing off the hook at the WH. They want trade deal and access to üçä‚Äôs üçÜ,9,2025-04-11 21:05:56
mmmovsb,1jwz0xf,BurntheHumanRace,"I havent gotten blacked out drunk since college, but I think todays the day I ride again![img](emote|t5_2th52|8883)![img](emote|t5_2th52|4260)",8,2025-04-11 21:06:17
mmmpget,1jwz0xf,BarryMihupinner,"Fartcoin up almost 2,000,000% in a year and you're crying about the stock market correcting 15%?",7,2025-04-11 21:09:23
mmmpoeg,1jwz0xf,Ok-Dust76,Imagine working at home depot in the middle of summer loading cinder blocks for 11 bucks an hour. I'd rope,9,2025-04-11 21:10:35
mmmppa2,1jwz0xf,ImNoAlbertFeinstein,"""hmm. Trade War with China sounds good.""

"" but Sir, this could bolster Xi politically at a time when he is under greatest pressure at home for failed covid policies..""

""This'll make great TV dont you think.?""

""But Sir... this will tank the economy.! ""

""They're kissing my ass. Who's tired of winning amirite.?""",8,2025-04-11 21:10:43
mmmq12t,1jwz0xf,JMaguire204,"Does anyone here have a stutter and ADHD?

There‚Äôs no winning bros. ADHD meds fuck up my stutter, no adhd meds and my stutter is fine but adhd is out of control.

It‚Äôs over ![img](emote|t5_2th52|4267)![img](emote|t5_2th52|4271)

I might just quit my day job before I start grad school in the fall. I need a break I‚Äôm so burnt out I‚Äôm on the verge of full schizophrenia.",8,2025-04-11 21:12:32
mmmq2am,1jwz0xf,J_da_CPA,"Bro still waiting for Xi‚Äôs phone call

I wrote Xi beautiful love letters ![img](emote|t5_2th52|8882)",8,2025-04-11 21:12:45
mmmqanu,1jwz0xf,z3rr0o,So why did market pump today despite all terrible news?,8,2025-04-11 21:13:58
mmmrpuz,1jwz0xf,CanaryUmbrella,"Mango's insider trading club: Let's nuke it from space, it's the only way to be sure.",9,2025-04-11 21:21:42
mmmrrof,1jwz0xf,Acceptable_Bed_6033,Believe it or not calls and puts,8,2025-04-11 21:21:59
mmmtj7j,1jwz0xf,Harvooost,"It's only 5:30 and 

###I'M SO BORED###",8,2025-04-11 21:31:39
mmmv9xs,1jwz0xf,StrengthIsWeakness,!banbet SPY 400 3d,8,2025-04-11 21:41:17
mmmzng3,1jwz0xf,eddie991ao,"All bets settled. I'm getting sick and tired of this crap. Do not do ANYTHING THIS WEEKEND TRUMP. Good or bad. Just let shit take a fucking rest, what a week. I can't even imagine the amount of smaller investors who got shellacked.",8,2025-04-11 22:05:54
mmmzpb3,1jwz0xf,kellyk311,"Starting to notice more and more commercials mention tariff pricing.  I'm sure they've all only purchased 90 days airtime and look forward to lowering prices once this all pans out.

![img](emote|t5_2th52|4267)![img](emote|t5_2th52|4267)![img](emote|t5_2th52|4267)![img](emote|t5_2th52|4267)![img](emote|t5_2th52|4271)![img](emote|t5_2th52|4271)![img](emote|t5_2th52|4271)![img](emote|t5_2th52|4271)![img](emote|t5_2th52|4271)![img](emote|t5_2th52|4271)",8,2025-04-11 22:06:11
mmmzzng,1jwz0xf,Happy_Discussion_536,"Bears that shorted tariff stocks but still lost money.

‚òùÔ∏èü§£üëÜ",8,2025-04-11 22:07:51
mmn0uzu,1jwz0xf,OkAdvice513,If HOOD goes to $80 by June I‚Äôm buying everyone a lambo,8,2025-04-11 22:12:50
mmn1137,1jwz0xf,TowelOld743,The EU has ![img](emote|t5_2th52|31224),8,2025-04-11 22:13:49
mmn2069,1jwz0xf,rawdigga,"this market is like a crazy ex... deep down you care for her and you think she can change, but she treats you so bad... but it's kind of exciting",8,2025-04-11 22:19:29
mmn257a,1jwz0xf,Betabutter,"I woke up from a dream where I was loaded to the tits with puts and the market crashed, checked my phone and we had one of the single biggest jumps in history. Don‚Äôt follow your dreams¬†",8,2025-04-11 22:20:18
mmn3q2w,1jwz0xf,robinhood_intern,Some of yall would make a lot more money betting Eastern European table tennis on draft kings and it shows.,8,2025-04-11 22:29:34
mmn3wai,1jwz0xf,idanfl8,How were we up today with bonds dumping so hard,8,2025-04-11 22:30:37
mmn4x7b,1jwz0xf,DamnMyAPGoinCrazy,The all in podcast said they were crashing the market intentionally to get interest rate down and let the middle class buy for cheap. Meanwhile the S&P up 5.3% this week and mortgage rates back above 7%. It‚Äôs a clown world really,8,2025-04-11 22:36:48
mmn53n6,1jwz0xf,SerialStrategist,"Today recession canceled. Monday, recession resumed. Tuesday, recession canceled. Etc.",8,2025-04-11 22:37:52
mmmbi0r,1jwz0xf,DesomorphineTears,Today I lost money :D,16,2025-04-11 19:57:52
mmmcdna,1jwz0xf,Emergency-Eye-2165,Nature is healing! I‚Äôll see all my permabulls Monday! ![img](emote|t5_2th52|4276),15,2025-04-11 20:02:13
mmmjifx,1jwz0xf,JMaguire204,"Do you regards really think the drama is over??!!

Nothing even happened besides bad news.

![img](emote|t5_2th52|4271)![img](emote|t5_2th52|4271)![img](emote|t5_2th52|4271)![img](emote|t5_2th52|4271)![img](emote|t5_2th52|4271)",14,2025-04-11 20:38:25
mmmtd3e,1jwz0xf,nick20191,"Holding TSLA puts, so much of his business is hanging on by a thread with the China tariffs. How can the stock not go down? Fml",15,2025-04-11 21:30:44
mmmvtnk,1jwz0xf,broke_person,I'll be financially ruined if Monday is not red ![img](emote|t5_2th52|4260),15,2025-04-11 21:44:21
mmmc4a0,1jwz0xf,sh1tler,#Congratulations all those whose portfolios survived the week üëè,21,2025-04-11 20:00:55
mmmcp0q,1jwz0xf,weewoowewoooo,"We did it guys! SPY is only down 13% from ATH after 1000% tariffs on China, impending massive inflation, 10y treasury skyrocketing, dollar weakening! We won! America is the best! ![img](emote|t5_2th52|4267)![img](emote|t5_2th52|4271)",22,2025-04-11 20:03:48
mmmz6mh,1jwz0xf,ILoveWesternCenter,"Just read about the rule change and wanted to get this off my chest. Retard, retarded, retardation, retarding, retarder, retardo, retardum, retardent",24,2025-04-11 22:03:11
mmmutsg,1jwz0xf,TurielD,"BlackRock CEO Larry Fink said during a recent interview that the United States may already be in a recession or getting very close to one as a result of President Trump‚Äôs sweeping tariffs. 

> ‚ÄúThis is not a pandemic. This is not a financial crisis. This is something that we‚Äôve created. As I said, also on Monday, United States, post World War II was a global stabilizer. We are the global destabilizer‚Äù",14,2025-04-11 21:38:47
mmmxhql,1jwz0xf,PaulBleidl,Did any of you read the actual article?¬† The reason China will no longer respond is because they said at that point no USA goods would be viable in the China market all you regards think they caved while they meme us and don't give a fuk if they ever trade with us again.¬† We'll played Don well played...Don Don don!,14,2025-04-11 21:53:38
mmn0p2d,1jwz0xf,Feeling_History,Markets are too optimistic with virtually only worse news,14,2025-04-11 22:11:54
mmmck9a,1jwz0xf,SULT_4321,"""Donate $1M to my inauguration party, or else I'll BURN the WHOLE WORLD DOWN!

Psyche!  I'm gonna BURN IT DOWN anyway!""",7,2025-04-11 20:03:08
mmmcnrx,1jwz0xf,sxiom,*VA-GYNA*,7,2025-04-11 20:03:37
mmmcqwj,1jwz0xf,PumpkinPoshSpice,"Nothing to see here folks, go out and enjoy a beautiful spring weekend!",7,2025-04-11 20:04:04
mmmdob3,1jwz0xf,VisualMod,"#Ban Bet Lost

/u/forlornstrawberry made a bet that TSLA would go to 300.0 within **2 days** when it was 272.601 and it did not, so they were banned for a week.

Their record is now 0 wins and 3 losses

[**Join WSB Discord**](http://discord.gg/wsbverse)",8,2025-04-11 20:08:42
mmmeeke,1jwz0xf,BIP3N,Market moved **ONLY** 2% ![img](emote|t5_2th52|27421),8,2025-04-11 20:12:25
mmmem7j,1jwz0xf,themid99,"No EOD Pamp, No EOD Damp ![img](emote|t5_2th52|4260)",7,2025-04-11 20:13:28
mmmf6hf,1jwz0xf,Wrath_FMA,Tesla puts for earnings sound like free money,7,2025-04-11 20:16:19
mmmfe8x,1jwz0xf,fallout3king83, Orange man need to make a deal over the weekend before earning fully comes around and guidance will tank markets further,8,2025-04-11 20:17:25
mmmfijh,1jwz0xf,bullrfuk,"Next week mango gonna bitch out and drop all tariffs on China while getting nothing in return. People will say he won another victory and ""art of the deal"". SPY will pump 10-15% LMAO",7,2025-04-11 20:18:01
mmmfqhr,1jwz0xf,Ok_Nefariousness1821,"just 2 percent? What is SPY, a meme coin for ants?",7,2025-04-11 20:19:08
mmmhd53,1jwz0xf,Specific-Bet-5634,Just continue to play the daily volatility on options. Be patient and DCA your positions until the chart inevitably flips. I made 3.5k on OTM SPY calls and puts during the same two hour window today.,7,2025-04-11 20:27:22
mmmjcpm,1jwz0xf,softboiledjadepotato,"Until next week's fukery. 

""Be Cool"" regards",8,2025-04-11 20:37:36
mmmjltl,1jwz0xf,hermeskino715,"Thinking of starting a new business this weekend

Smuggling Chinese iPhones![img](emote|t5_2th52|58355)

Wish me luck ![img](emote|t5_2th52|4258)![img](emote|t5_2th52|8883)",7,2025-04-11 20:38:54
mmmjo5a,1jwz0xf,Lazy_Sugar892,Yesterday the IRS took $4k from me but now I got it back today. Take that ü•≠ ![img](emote|t5_2th52|8882),8,2025-04-11 20:39:13
mmmjtmf,1jwz0xf,chobro17,Lmao TSLA is green ![img](emote|t5_2th52|4271),8,2025-04-11 20:40:00
mmmk25d,1jwz0xf,Berbollah,"hai frens, hope u made some buck today ![img](emote|t5_2th52|8883)![img](emote|t5_2th52|8883)![img](emote|t5_2th52|8883)",8,2025-04-11 20:41:11
mmmk36v,1jwz0xf,type_error,"Is it just me or iPhone 16 pro is laggy AF.

It can‚Äôt even keep up with my typing¬†",6,2025-04-11 20:41:20
mmmk5zu,1jwz0xf,bluen,"I always thought siemens was German

#ü§î",7,2025-04-11 20:41:43
mmmk9g3,1jwz0xf,bullrfuk,She's a 10 but she slaps like Will Smith LMAO,6,2025-04-11 20:42:13
mmmkzon,1jwz0xf,DoubleFamous5751,Certifiably fucking schizo market ![img](emote|t5_2th52|31225),7,2025-04-11 20:45:56
mmmlon6,1jwz0xf,memelackey,My uncle sold his boat to buy Nvidia calls. Now we both live in the same tent. LMAO ü§å,6,2025-04-11 20:49:32
mmmlvzx,1jwz0xf,Frequent-Location864,I'm waiting for mango to double dog dare Gyna,6,2025-04-11 20:50:35
mmmlwtt,1jwz0xf,thumpasaurus,"I WAS ABSOLUTELY FLAILING THIS WEEK

SANITY PRESERVATION PLAY: i'm balls deep in GLD over the weekend. TIME TO NOT LOSE MONEY HOPEFULLY",7,2025-04-11 20:50:42
mmmly90,1jwz0xf,Campbell27,"What a wild week, have a great weekend everybody, see you Monday",7,2025-04-11 20:50:55
mmmmmfb,1jwz0xf,666KekLord420,Are these ‚Äúcircuit breakers‚Äù in the room with us right now? ![img](emote|t5_2th52|12787),7,2025-04-11 20:54:22
mmmmqox,1jwz0xf,peanuts-in-my-jelly,Circuit break deez ü•ú,7,2025-04-11 20:54:58
mmmo0ob,1jwz0xf,Worth_Swim_3128,Short America right now,8,2025-04-11 21:01:42
mmmp6u6,1jwz0xf,None,[deleted],8,2025-04-11 21:07:57
mmmpjj4,1jwz0xf,Ozotso,"The market treated me like a bitch this week. Roses one day, a beating the following day, a warm bath after that, a brutal beating after. I‚Äôm tired gang but I‚Äôm ready to do it all over again next week.",7,2025-04-11 21:09:51
mmmqcyh,1jwz0xf,_Eisenstein007,"Ended the week -3k

Mostly fault of stupid 0dtes.

Held on to my puts that expire next friday. Well see what the weekend brings",8,2025-04-11 21:14:19
mmmrp3d,1jwz0xf,merely2monthsago2dol,I know they say to DCA mstr and you will be rich but I just want to be rich now,7,2025-04-11 21:21:35
mmmt8hs,1jwz0xf,Betabutter,I just know we all do the same thing on the weekends which is standing around like the Pablo Escobar meme¬†,7,2025-04-11 21:30:01
mmmtdx4,1jwz0xf,mechajlaw,Xi just gonna ignore Trump until Trump freaks out.,7,2025-04-11 21:30:50
mmmtqi9,1jwz0xf,AnalystNatural5682,"Xi ain't bending the knee, SPY 420.69",7,2025-04-11 21:32:47
mmmw6qx,1jwz0xf,MitchellMcconnel,Finally a calm day ![img](emote|t5_2th52|8883),7,2025-04-11 21:46:21
mmmyf06,1jwz0xf,apurimac777,With tariffs on pharmaceuticals the price of Xanax is gonna go through roof right as demand spikes,7,2025-04-11 21:58:51
mmmyij0,1jwz0xf,Kabian321,Government....I mean market successfully cucked everyone today,7,2025-04-11 21:59:25
mmmyob4,1jwz0xf,Thich_QuangDuc,"So, what is driving a trade war atm is one asshole bullying everyone to claim any victory when they ask not to be bullied and one guy who refuses to give the bully the satisfaction, so they are playing a game of chicken


Cool. Cool cool cool",7,2025-04-11 22:00:18
mmmyv74,1jwz0xf,Miserable_Message330,"The R word is back

Say like you mean it. Screach it at the highest octaves of your xbox live's mic's",7,2025-04-11 22:01:23
mmmzzdy,1jwz0xf,nootropicMan,Retard safe space,7,2025-04-11 22:07:48
mmn0dqe,1jwz0xf,A7T3C,"Having trouble sleeping? Bob Ross and Melatonin each night, the vibes that get me through the dark.",7,2025-04-11 22:10:04
mmn0nti,1jwz0xf,OkAdvice513,CHYNA THIS CHYNA THAT WHAT ABOUT HER VAGYNA,7,2025-04-11 22:11:42
mmn0o4n,1jwz0xf,dimethylhyperspace,I wish I bought 5x the amount of silver calls that I did. But this market has taken my balls from me,7,2025-04-11 22:11:45
mmn1e1q,1jwz0xf,Independent-Tree-985,Nothing 90 minutes on a bike wont fix,7,2025-04-11 22:15:54
mmn1nf3,1jwz0xf,neutralpoliticsbot,market is way better than sports betting or casino,7,2025-04-11 22:17:24
mmn1nql,1jwz0xf,nevergonnastawp,Make america gay again üêª,7,2025-04-11 22:17:28
mmn38df,1jwz0xf,TopherBrennan,"Bloomberg says investors are starting to question the wisdom of holding American assets.


Funny, I decided against it over a month ago.


https://www.bloomberg.com/news/articles/2025-04-11/as-markets-sank-and-soared-a-new-fear-spread-across-wall-street?srnd=homepage-americas",7,2025-04-11 22:26:38
mmn4s7c,1jwz0xf,ExpressEngineering83,"I am expecting this to continue on Monday, but that's too good to be true and would benefit me, therefore it won't happen.",7,2025-04-11 22:35:58
mmmbspe,1jwz0xf,Background-Nothing71,I've finally come to terms with my retardation. I'm putting a self imposed one contract limit on myself and self-banning from 0DTEs üåù,13,2025-04-11 19:59:19
mmmcxb7,1jwz0xf,siege342,I was too chicken to hold my $530 SPY calls over the weekend. Sold for a nice 40% $8k profit,13,2025-04-11 20:04:57
mmmdx2c,1jwz0xf,jokull1234,ü•≠ to JPow: ‚ÄúI can stay regarded longer than you can stay solvent‚Äù ![img](emote|t5_2th52|4640),12,2025-04-11 20:09:57
mmmkcow,1jwz0xf,supm8te,"I like how the regards at bloomberg already have front page headline ""sp500 best week since 2023"". LOL zoom out regards holy f",13,2025-04-11 20:42:40
mmmlpb5,1jwz0xf,SpacemanLookOut,SPY 520 on Monday is the sweet spot for my puts,12,2025-04-11 20:49:38
mmmmadh,1jwz0xf,ashmole,Yeah I'm just sitting this shit out for a while lmao,12,2025-04-11 20:52:39
mmmwrpw,1jwz0xf,CarlWh3ezer,Hope days like today make you realize the market is entirely rigged.  Yes I lost money and am salty ![img](emote|t5_2th52|52627),13,2025-04-11 21:49:36
mmmxz0e,1jwz0xf,JohnNasdaq,"Oh fuck. Trump announcing sweeping retaliation on China. CALLS COOKED LMAO 

[https://www.cnbc.com/2025/04/11/trump-china-retaliation.html](https://youtu.be/dQw4w9WgXcQ?si=39gETNSKPKEo1uJb)",32,2025-04-11 21:56:19
mmmctxs,1jwz0xf,Lazy_Sugar892,Heh it‚Äôs started to get bullish in here. Y‚Äôall know what that means for Monday ![img](emote|t5_2th52|31226),13,2025-04-11 20:04:29
mmmn27f,1jwz0xf,nevergonnastawp,#Let's get retarded in here,13,2025-04-11 20:56:39
mmmog5t,1jwz0xf,stopitkeval,"I wont speak much, but i could‚Äôve easily bought a bmw for the amount of money i have lost in past 2 months, and i don‚Äôt have a car currently.",12,2025-04-11 21:03:59
mmmq716,1jwz0xf,ameriCANCERvative,"Someone please soothe me about my TSLA puts and tell me everything is going to be alright.  Talk to me like my mom used to when I‚Äôd run into her room and wake up from a nightmare.  They‚Äôre not that red, only a little bit but this is my revenge trade and I refuse to not get revenge.  I sold my most expensive ones at the bottom today for a small profit and held onto my cheap ones.",12,2025-04-11 21:13:26
mmmraev,1jwz0xf,PureOrangeJuche,Conservatives worked themselves up into a frenzy about living in a pod and eating bugs and now they get burrito mortgages and suicide factories,12,2025-04-11 21:19:23
mmmrvy4,1jwz0xf,memelackey,"WSB mod banned me in 2022 for saying ‚Äústonks only go up.‚Äù
He now drives DoorDash.
I now drive QQQ. Just as I predicted ü§å",12,2025-04-11 21:22:39
mmn069j,1jwz0xf,Particular-Back610,"the biggest wealth transfer in history this week
the corruption was so blatant and the SEC are sticking their heads in the sand",12,2025-04-11 22:08:54
mmn1u8r,1jwz0xf,andytobbles,It‚Äôs hilarious to me that all of yall don‚Äôt even realize tariffs are the least of concerns right now. There‚Äôs an active liquidity crisis in the bond market and if the fed doesn‚Äôt get ahead of it we‚Äôre going to see a 10-20% crash in the coming week or two on stocks.,12,2025-04-11 22:18:32
mmn3fkj,1jwz0xf,Only-Newspaper-8593,Fuck you all and I'll see you on Monday,12,2025-04-11 22:27:50
mmmc3yb,1jwz0xf,Owwwccchhh,Have no idea what Monday looks like. Bought calls and puts lol,6,2025-04-11 20:00:52
mmmcb6v,1jwz0xf,Aivoke_art,"alright, i'm not checking news till sunday we're gonna flip flop like 10 times anyway

gl monday",5,2025-04-11 20:01:52
mmmcca0,1jwz0xf,zanimny17,Tsla green is hilarious,7,2025-04-11 20:02:01
mmmczkt,1jwz0xf,callyograndma,Got a BB terminal login at work today. What command shows me next week‚Äôs closing prices?,6,2025-04-11 20:05:16
mmmd0x5,1jwz0xf,randombeing0325,"538c and 531p for Monday, expect Monday to be stuck between 534-535",6,2025-04-11 20:05:27
mmmd7ko,1jwz0xf,No-Sympathy-686,"If we don't get back to 6% daily swings, imma say a bad word!

Like poop....or butt....",5,2025-04-11 20:06:22
mmmdhhj,1jwz0xf,pmotiveforce,"I don't even know what a ""deal"" with Gyna looks like. They lower their already low tariffs on the US on shit that most of them are too poor to buy? This trade deficit shit doesn't go away unless Americans stop wanting to buy cheap shit. Ergo, the US tariffs on China remain or we go back to where we were. I think everyone expects him to wave his hands and make up some excuse to claim victory, but what the fuck does that even look like?

Google ""Buffett import certificate"" for an actual decent idea to address trade imbalances. But Mayngo's brain stopped developing in 1985 so he's fixated on classical, destructive tariffs.",6,2025-04-11 20:07:45
mmme4l0,1jwz0xf,Tirikemen,Guess I'll just be bored for the next 65.5 hours.,7,2025-04-11 20:11:02
mmme55w,1jwz0xf,Horror_Difference_75,i dont think ANY bad news can bring us lower... the slightest good news may skyrocket us.,6,2025-04-11 20:11:06
mmme6zm,1jwz0xf,Ronin3993,What do you degens think about calls on CAT? It's still down 15% from the tarriff announcements and was a pretty solid business beforehand,6,2025-04-11 20:11:22
mmmefd1,1jwz0xf,michaelklemme,lmao classmate thought the FED controls taxes,7,2025-04-11 20:12:32
mmmeioc,1jwz0xf,DamnMyAPGoinCrazy,Good job everyone,6,2025-04-11 20:12:59
mmmejiy,1jwz0xf,ramoman,wait am I still not banned,6,2025-04-11 20:13:06
mmmetn4,1jwz0xf,SULT_4321,"Dow over 40000, SPY almost 540. 

Feel like what most of 2024 felt like.",7,2025-04-11 20:14:31
mmmev8q,1jwz0xf,El_Burr0,So Monday should be deep in the red right guys? Right!?,6,2025-04-11 20:14:45
mmmex7l,1jwz0xf,IronSnatchKitty,What a regarded day. The bears were certainly in a cave and bulls were 2 a pump chump..,5,2025-04-11 20:15:01
mmmf323,1jwz0xf,ItCouldBeSpam,I refuse to give up on puts. Dump this turd market!,6,2025-04-11 20:15:49
mmmf9yv,1jwz0xf,number676766,"Stupid thread is going to be ""Futes riping"" ""Futes crashing"" all weekend just for the market to reverse in the first 10 minutes on monday morning.",6,2025-04-11 20:16:48
mmmfkbe,1jwz0xf,-IQ200,"Yippies, it‚Äôs the weekend! ![img](emote|t5_2th52|4258)",6,2025-04-11 20:18:16
mmmg5jk,1jwz0xf,vanw_1986,Grabbed a few lotto TQQQ calls just in case,6,2025-04-11 20:21:14
mmmg8kk,1jwz0xf,AdOk3638,"Time for my hourly ice cold water bowl face wash, so fresh so clean.",7,2025-04-11 20:21:40
mmmhe2d,1jwz0xf,LoosePussyLucy,Idk why my brain melts when I open this sub‚Ä¶ I say sht I would never say otherwise anywhere,5,2025-04-11 20:27:30
mmmhs8f,1jwz0xf,PushAble2463,"Finally weekend‚Ä¶ time to get some sleep.. and some drinking which is actually socially acceptable, for the first time this week",6,2025-04-11 20:29:30
mmmhyfm,1jwz0xf,TurielD,"Dollar is a memestock now. Just casually dropping 30 cts on DXY in an hour, more than average daily movement",6,2025-04-11 20:30:23
mmmifgb,1jwz0xf,Ok-Border-9913,I prefer regard,6,2025-04-11 20:32:50
mmmijmy,1jwz0xf,CaroleKann,"Are SPY leaps free money? I can buy SPY $535c for 6/18/2026 for just over $6,000. Someone explain how that could possibly go tits up.",6,2025-04-11 20:33:26
mmmik7n,1jwz0xf,Rwitre,# Need week of flat to reset brain,6,2025-04-11 20:33:30
mmmj00s,1jwz0xf,WSB_Mods_are,I'm going to waste this weekend just like all of the others before it ![img](emote|t5_2th52|8882),6,2025-04-11 20:35:47
mmmjc0f,1jwz0xf,RipErRiley,Puts & calls would be easier if ü•≠resumed telling me when to make them.,5,2025-04-11 20:37:30
mmmjlz2,1jwz0xf,dabay7788,"Wait wtf did I miss?

I thought market is choppy so I stepped away

Why did we pump so much? Whats the news?",7,2025-04-11 20:38:55
mmmkecf,1jwz0xf,WetFlare,Anyone looking to make a deal? ü§ù ![img](emote|t5_2th52|12787),5,2025-04-11 20:42:54
mmmkgs8,1jwz0xf,abroadbroadband,"Imagine giving a presentation in 17 minutes, couldn't be me

![img](emote|t5_2th52|4260)",5,2025-04-11 20:43:15
mmmkpej,1jwz0xf,WingWorried6176,Lisa su about to get on all 4s for president xi ![img](emote|t5_2th52|58355),6,2025-04-11 20:44:27
mmmlfcg,1jwz0xf,cryptohorn,"Dxy down, yields up, that's the way we like to fk",6,2025-04-11 20:48:11
mmmmu47,1jwz0xf,MakeResonableChoices,Bers didn‚Äôt have the cards today,6,2025-04-11 20:55:28
mmmngwx,1jwz0xf,jasperCrow,LETS GET RETARDED!,6,2025-04-11 20:58:47
mmmnjmj,1jwz0xf,VisualMod,"#Ban Bet Lost

/u/BleuRaider made a bet that SPY would go to 475.0 within **1 day** when it was 525.077 and it did not, so they were banned for a week.

Their record is now 0 wins and 2 losses

[**Join WSB Discord**](http://discord.gg/wsbverse)",7,2025-04-11 20:59:11
mmmo7gw,1jwz0xf,Mysterious-Device-53,"Guys. Reports are insignificant when the market is already down 20%.. As we saw this week, investors are dying to put their money back in the market.",7,2025-04-11 21:02:42
mmmod5v,1jwz0xf,fallout3king83,"After this bat shit week I'm gonna play video games, eat nachos and watch movies all weekend ive earned it",6,2025-04-11 21:03:33
mmmos2d,1jwz0xf,EnigmaSpore,"it's over. the dump is over. we bout to bounce so hard next week. we kicked the can down the road, that means we got a whole quarter to get jiggy wit it...",6,2025-04-11 21:05:44
mmmq4zz,1jwz0xf,BlackFlames01,"Who made money this week? ![img](emote|t5_2th52|4276)

Not me; down $222. It's even worse when I zoom out. ![img](emote|t5_2th52|53057)",6,2025-04-11 21:13:08
mmmqjbc,1jwz0xf,SpinachInquisitors,BULL put me through the five stages of grief today,7,2025-04-11 21:15:16
mmmqs2s,1jwz0xf,Reasonable_Tower3816,did u guys hear the news that if the fed thinks they need to do something they'll do it? big if true,6,2025-04-11 21:16:37
mmmrhbz,1jwz0xf,VisualMod,"#Ban Bet Lost

/u/DFW_BjornFree made a bet that BAC would go to 40.0 within **2 days** when it was 37.411 and it did not, so they were banned for a week.

Their record is now 0 wins and 5 losses

[**Join WSB Discord**](http://discord.gg/wsbverse)",6,2025-04-11 21:20:25
mmmsg6b,1jwz0xf,TaintedEon,NFLX gonna die next week,6,2025-04-11 21:25:42
mmmuee1,1jwz0xf,MyCactusTeacher,calls on smuggling careers,6,2025-04-11 21:36:27
mmmuq1b,1jwz0xf,MyLuckIsTurning,I know someone has simulated selling options at the same strike and expirations of all the banbets here and I want to see that data.,6,2025-04-11 21:38:12
mmmwhvv,1jwz0xf,Totoro10101,10Y 4.6% yield by midnight ![img](emote|t5_2th52|4640),6,2025-04-11 21:48:05
mmmwlo1,1jwz0xf,Neel_Crashkari,5'4''and hung like a tit mouse,6,2025-04-11 21:48:40
mmmx5oo,1jwz0xf,Happy_Discussion_536,"Now we have two puts.

The Fed put and ü•≠ put.",6,2025-04-11 21:51:46
mmmy0xz,1jwz0xf,VisualMod,"#Ban Bet Lost

/u/Alert_Tourist4610 made a bet that SPY would go to 470.0 within **3 days** when it was 496.164 and it did not, so they were banned for a week.

Their record is now 0 wins and 1 losses

[**Join WSB Discord**](http://discord.gg/wsbverse)",6,2025-04-11 21:56:37
mmmycuw,1jwz0xf,Lazy_Sugar892,Things are starting to go my way‚Ä¶ which means the stock market is going to crash now ![img](emote|t5_2th52|31226),6,2025-04-11 21:58:31
mmmz5d6,1jwz0xf,violet_evergarden8,BULL is really on a bull run. Already 45% return ![img](emote|t5_2th52|4276)![img](emote|t5_2th52|4276)![img](emote|t5_2th52|4276),6,2025-04-11 22:02:59
mmmzjnp,1jwz0xf,smart_doge,"# Retardium LeüÖ±Ô∏èiosa! ‚Äã‚Äã ‚Äãü™Ñ‚Äã‚Äã

You‚Äôre now a top employee at üÖ±Ô∏èendy‚Äôs ‚Äã![img](emote|t5_2th52|52627)",6,2025-04-11 22:05:16
mmmzt6x,1jwz0xf,SillyWilly17,i was gonna buy calls this morning but i didnt. i was gonna but puts this afternoon but i didnt. i will never make money :),6,2025-04-11 22:06:49
mmn0hgr,1jwz0xf,housemoneyrocketship,"Can we get Liberation Day, the sequel?",6,2025-04-11 22:10:41
mmn0jdp,1jwz0xf,VisualMod,"#Ban Bet Lost

/u/deschain_br made a bet that SPY would go to 450.0 within **3 days** when it was 492.76 and it did not, so they were banned for a week.

Their record is now 0 wins and 1 losses

[**Join WSB Discord**](http://discord.gg/wsbverse)",6,2025-04-11 22:10:59
mmn0wmi,1jwz0xf,Prometheus_1094,!banbet spy 520 5d,6,2025-04-11 22:13:06
mmn1ck0,1jwz0xf,winner_in_life,"Man, Chinese men really have us by the balls.![img](emote|t5_2th52|4260)",6,2025-04-11 22:15:40
mmn1ulo,1jwz0xf,hftrobo9285,Time to make old man grumpy noises as I sit down on my couch after a long week,6,2025-04-11 22:18:35
mmn1zqq,1jwz0xf,That_Anteater1405,"Need a hail mary play for my last 23k, who‚Äôs got ideas",6,2025-04-11 22:19:25
mmn2i4d,1jwz0xf,bullrfuk,Another weekend a bunch of idiots will pretend to lose a golf game against an 80 year old obese guy LMAO,6,2025-04-11 22:22:23
mmn3umz,1jwz0xf,FullCuntalLobotomy,I hope everyone has a great weekend and don‚Äôt feel yippy again until Monday,6,2025-04-11 22:30:19
mmmhb3p,1jwz0xf,dljmonkeyboiz,Welcome to the casino üé∞,40,2025-04-11 20:27:05
mmmhf3q,1jwz0xf,unhappyreach_,"Nice

Stop betting so much you goober",8,2025-04-11 20:27:39
mmmhjhv,1jwz0xf,rbatra91,Elon: WHY ARE THESE SICK TWISTED PEOPLE ENJOYING THE TESLA STOCK CRASH??,29,2025-04-11 20:28:16
mmmertn,1jwz0xf,GreatRegard,Dow be like ![img](emote|t5_2th52|18630)![img](emote|t5_2th52|18630)![img](emote|t5_2th52|18630)![img](emote|t5_2th52|18630),23,2025-04-11 20:14:16
mmmegc0,1jwz0xf,wafflestompar,With premium costs it pretty much was a .2% day,16,2025-04-11 20:12:40
mmmdu5z,1jwz0xf,PenguinKing15,You are in the right place then.,23,2025-04-11 20:09:32
mmme8vq,1jwz0xf,wattap,Every scalper ever,19,2025-04-11 20:11:37
mmmdi9n,1jwz0xf,moorhound,"Of course it's a clown show, price increases delayed by a week or so I guess",11,2025-04-11 20:07:52
mmmvqgd,1jwz0xf,InIce1234,"because the market is 

# RETARDED",10,2025-04-11 21:43:50
mmmg9pt,1jwz0xf,DipSniper69,Not zero news today. China increased their tariffs. The CPI data was the worst in years. ![img](emote|t5_2th52|4271) But yeah bullmarkt is back boys,18,2025-04-11 20:21:50
mmmc78y,1jwz0xf,PeachScary413,"![img](emote|t5_2th52|58348)

(Finally I could use that fucking emoji)",15,2025-04-11 20:01:20
mmmlecz,1jwz0xf,Slycooper1998,Mine don‚Äôt expire until the 17 but I‚Äôm still shook down 60%,10,2025-04-11 20:48:02
mmmr5c9,1jwz0xf,T8y6ta,WW3 Monday then,18,2025-04-11 21:18:37
mmmrl3b,1jwz0xf,just_here_to_lurkk,Puts on this guys life,18,2025-04-11 21:20:59
mmms25e,1jwz0xf,Lastchoicename,"You gotta take a step back and just chill and reevaluate man. I feel ya I really do, I literally lost all my money these past few weeks. I'm legit not buying anything until payday. Believe me I am beyond depressed. But it will get better. Don't be a pussy, we aren't quitters here.",7,2025-04-11 21:23:35
mmmxe8e,1jwz0xf,Napster-mp3,Bols get shy very quick,8,2025-04-11 21:53:05
mmmylah,1jwz0xf,apurimac777,I fucking love these.  AI is getting mad good,10,2025-04-11 21:59:50
mmmkqky,1jwz0xf,hank10111111,Propaganda bet they‚Äôll take responsibility for the pump too,7,2025-04-11 20:44:37
mmmdj6r,1jwz0xf,SailorsKnot,Huge rally midday today off of LITERALLY nothing feels so fucking dumb.,8,2025-04-11 20:08:00
mmmpv6t,1jwz0xf,jupchurch97,"Yes, same with the latest consumer confidence survey.",8,2025-04-11 21:11:38
mmmduvf,1jwz0xf,RepairmanJack2025,"Someone just reported rumors AAPL getting tariff exemption, or special treatment.  

Remember, the US is based upon the principal that Potus picks winners and losers, not the market.",32,2025-04-11 20:09:38
mmmfvr8,1jwz0xf,isospeedrix,"Lol at current price markets are priced as if tariffs are completely canceled 

Comically overbought",30,2025-04-11 20:19:52
mmmrdik,1jwz0xf,EnthusiasmNorth3828,Made -700 bucks today,15,2025-04-11 21:19:51
mmmv7dh,1jwz0xf,InIce1234,"Found the only real woman on WSB.

![img](emote|t5_2th52|58355)",8,2025-04-11 21:40:53
mmmcrdx,1jwz0xf,AutoModerator,"Oh my gourd! 


*I am a bot, and this action was performed automatically. Please [contact the moderators of this subreddit](/message/compose/?to=/r/wallstreetbets) if you have any questions or concerns.*",20,2025-04-11 20:04:08
mmmczm3,1jwz0xf,ragtimeboy,See you on Monday¬†,16,2025-04-11 20:05:16
mmmcu2n,1jwz0xf,ThinkShoe2911,Post losses or gtfo,9,2025-04-11 20:04:31
mmmkmfp,1jwz0xf,blumpkinspatch,"Just go for a fat one bro, easy",9,2025-04-11 20:44:02
mmme1b2,1jwz0xf,Sad_Bolt,Same lobbed one in at 59 and it‚Äôs already negative,9,2025-04-11 20:10:33
mmmtfa0,1jwz0xf,baadllama_ghost,"drugs wore off, huh",8,2025-04-11 21:31:02
mmmzhhu,1jwz0xf,PrthReddits,Burnt out is a nice way to describe it,7,2025-04-11 22:04:56
mmmvcao,1jwz0xf,apurimac777,"ü•≠ will fold before he does, just need get the 10y to 6%",9,2025-04-11 21:41:39
mmmvbn1,1jwz0xf,dljmonkeyboiz,"People aren‚Äôt betting on China backing down, people betting ü•≠ is a panican and caves to the yipping",7,2025-04-11 21:41:33
mmmo91j,1jwz0xf,violet_evergarden8,yes retard![img](emote|t5_2th52|4258),10,2025-04-11 21:02:56
mmmo2bs,1jwz0xf,baadllama_ghost,i cry everytiem üò≠,8,2025-04-11 21:01:57
mmmpfgq,1jwz0xf,droopy227,art of the deal!!,10,2025-04-11 21:09:14
mmmxhp2,1jwz0xf,simao_sabrosa,Too busy fucking their cousins,13,2025-04-11 21:53:37
mmmxdrw,1jwz0xf,Bat-Sufficient,They‚Äôre too drunk to text right now,9,2025-04-11 21:53:01
mmmx4p2,1jwz0xf,DarkLord93123,They wouldn‚Äôt be in here too busy drinking the kool aid,8,2025-04-11 21:51:37
mmmxs7z,1jwz0xf,Sea_Ingenuity_4220,They are working the night shift - all that grifting on them costs them a lot of money‚Ä¶ can you imagine how badly (and often) they are duped?,8,2025-04-11 21:55:16
mmmezi0,1jwz0xf,dljmonkeyboiz,Apparently this means markets go up,7,2025-04-11 20:15:20
mmmfges,1jwz0xf,Muumimojo,Depends on the tweets üòÇ,12,2025-04-11 20:17:43
mmmfq8n,1jwz0xf,YaBoyCop,Try some 0DTEs,12,2025-04-11 20:19:06
mmmtlbm,1jwz0xf,JohnNasdaq,US Productivity about to skyrocket,8,2025-04-11 21:31:58
mmn0q6v,1jwz0xf,BrutalHunny,Lick toward the hole.,7,2025-04-11 22:12:04
mmmgnp3,1jwz0xf,nicklovin508,"Bro, wtf is this lifestyle",22,2025-04-11 20:23:48
mmmgytg,1jwz0xf,aaapod,gonna just pretend this is satire,10,2025-04-11 20:25:22
mmmpwno,1jwz0xf,dljmonkeyboiz,Imagine working at an Apple factory in Palo Alto putting tiny screw in IPhones all day.,7,2025-04-11 21:11:51
mmmqgzg,1jwz0xf,StrangleYeezNutz,If the bulls had any idea what they were doing they'd tell you,13,2025-04-11 21:14:55
mmmr18t,1jwz0xf,Prethiraj,Investors are BETTING that this all ends soon.,8,2025-04-11 21:18:00
mmmtqcr,1jwz0xf,maha420,This is literally the only reason why trading crypto is popular,7,2025-04-11 21:32:45
mmn1tlq,1jwz0xf,Ariose_Aristocrat,take my money,8,2025-04-11 22:18:25
mmmc0pu,1jwz0xf,wafflestompar,Probably were gonna hit it big on the next play ![img](emote|t5_2th52|12787),11,2025-04-11 20:00:25
mmmyg9o,1jwz0xf,fallout3king83,You son of a bitch,7,2025-04-11 21:59:03
mmmq9l8,1jwz0xf,jxisaijei,Your fukked it‚Äôs all gone,8,2025-04-11 21:13:49
mmn0uf9,1jwz0xf,TheSauce32,Liberation day 2 the emancipation of dependency,7,2025-04-11 22:12:45
mmkhavw,1jwqbs7,retarded_virgin_1998,Everyone saying calls on Netflix so imma do some puts,31,2025-04-11 14:28:44
mmkhpc3,1jwqbs7,cosmicchopsuey,Banks and semis together is gonna be hell of week,20,2025-04-11 14:30:43
mmkdvl2,1jwqbs7,redisok,"Be advised, Netflix april 17th calls/puts will be fucked because earnings is after market closes. They can still be excercised, but they will expire on Thursday, same night as the earnings.",18,2025-04-11 14:11:31
mmkxhzb,1jwqbs7,TYC888,"lol, will this even affect the market anymore. seems like the word of POTUS is the main factor now.",18,2025-04-11 15:48:23
mmmbvrz,1jwqbs7,masseaterguy,Earnings don‚Äôt matter anymore,14,2025-04-11 19:59:44
mmlvxea,1jwqbs7,ToughSpeed1450,Netflix is a great economic indicator. If the earnings are deep below expectations it signals that consumer consumption is going down.,12,2025-04-11 18:38:06
mmktqgj,1jwqbs7,Otherwise-Ad6670,Calls on Hooker because we all know what we need‚Ä¶.,12,2025-04-11 15:30:08
mmkkne3,1jwqbs7,BlackAdder7,"Just waiting for a bank to announce they are deep in some  ""Strategic Harmonized International Tariff Swap (SHITS)"" instrument and spontaneously colapse.",26,2025-04-11 14:45:30
mmlnql8,1jwqbs7,Jobbins1111,Actually cannot fucking handle earnings right now ![img](emote|t5_2th52|4260),9,2025-04-11 17:56:59
mmly9fe,1jwqbs7,eskhalaf,"https://preview.redd.it/7u2qe4p159ue1.jpeg?width=736&format=pjpg&auto=webp&s=79449829e54b4612bc46b8e2a095117b3b0f26f3

ALL EYES ON NFLX",11,2025-04-11 18:50:01
mml6y8l,1jwqbs7,STONKvsTITS,Gut feeling everything is going to go up,9,2025-04-11 16:35:16
mml7ont,1jwqbs7,Ljocran,"ibkr calls easy money, so much trading volume",9,2025-04-11 16:38:53
mmkqj99,1jwqbs7,Kingkongcrapper,United‚Äôs earnings should land upside down.,8,2025-04-11 15:14:32
mmkepya,1jwqbs7,Feisty_Grand_8781,Netflix just shot up $11,6,2025-04-11 14:15:48
mmlln4d,1jwqbs7,ccgogo123,Hooker on Thursday? Is it a real company name?,7,2025-04-11 17:46:48
mmld8zd,1jwqbs7,bigboyvapesinc,I‚Äôm not touching Netflix,6,2025-04-11 17:06:01
mmk9ze0,1jwqbs7,nkkooppppplll,Puts on Bank of america because....idk,4,2025-04-11 13:51:32
mmllzz4,1jwqbs7,WishHuge9009,Call on TSMC for full invasion on Taiwan,4,2025-04-11 17:48:32
mmlp5s0,1jwqbs7,RaisePuzzleheaded26,LMAOOOO BULLS,4,2025-04-11 18:03:58
mmmnxlq,1jwqbs7,DaLoubie,AH SHIT HERE WE GO AGAIN,5,2025-04-11 21:01:15
mmkak3r,1jwqbs7,CowboysfromLydia,Almost everyone gotta pull back on the guidance for all this mess. Asml+tsmc weak guidance could cause a massive pullback on the sector,4,2025-04-11 13:54:30
mmkaotn,1jwqbs7,grhotz,Bank week is so boring. PUTS on NFLX,4,2025-04-11 13:55:11
mmkbejx,1jwqbs7,Smart_Influence2966,Hooker on Thursday!,4,2025-04-11 13:58:51
mmlmp4q,1jwqbs7,JJdante,"Alcoa is down 25% in a month and still has a P/E of 92. Was thinking calls because of all the tariff talk and expecting a move to domestic manufacturing, but that pe is nuts to me.",5,2025-04-11 17:51:55
mmm6900,1jwqbs7,Waste-Skin338,Any thoughts on $ALLY?,4,2025-04-11 19:31:05
mmmastn,1jwqbs7,GargantuasGoose,"lol ERIC with a glorious PE of 14,500 ![img](emote|t5_2th52|4271)",4,2025-04-11 19:54:27
mmn00je,1jwqbs7,wmzula,Banks are the only ones making bank,4,2025-04-11 22:08:00
mmljfsb,1jwqbs7,SaucyCondiment,Calls on Amex because everyone in this sub including me is in thousands of Dollars of credit card debt ![img](emote|t5_2th52|4267)![img](emote|t5_2th52|4271)![img](emote|t5_2th52|4260),7,2025-04-11 17:36:06
mmlllux,1jwqbs7,KingJusticeBeaver,Do earnings even matter anymore?,3,2025-04-11 17:46:38
mmkc97t,1jwqbs7,noimnotinterested,There's no way TSM doesn't get fked right?,2,2025-04-11 14:03:13
mmkdf29,1jwqbs7,difrad76,Calls on NFLX,2,2025-04-11 14:09:10
mmkz34h,1jwqbs7,TopherBrennan,Implied volatility on Goldman Sachs 4/17 barely any higher than for 4/25. And in the past year there've been significant analyst under/over estimates on GS earnings. Straddle? I don't know GS well so there's a very good chance I'm missing something.,2,2025-04-11 15:56:02
mmmoe3p,1jwqbs7,just23x3_4fun,ASSML about to fuck semis oncemore.,2,2025-04-11 21:03:41
mml04qd,1jwqbs7,Sweaty_Slide,Calls on tsm cus godless the roc and godless our chips,3,2025-04-11 16:01:09
mmkcrr0,1jwqbs7,krushdavis247,Call on Netflix,1,2025-04-11 14:05:52
mmkd7m9,1jwqbs7,free_lions,All in NFLX u/banditcleaner2,1,2025-04-11 14:08:07
mmkumr0,1jwqbs7,stinkykid123,DHI puts,1,2025-04-11 15:34:32
mmlh16i,1jwqbs7,Brazilian-options,When nflx going to drill?,1,2025-04-11 17:24:27
mmmzvgv,1jwqbs7,Andrewshwap,Time to lose some money,1,2025-04-11 22:07:11
mmn1txa,1jwqbs7,Hodorous,Netflix and Hookers. Wild Easter coming up!,1,2025-04-11 22:18:28
mmkfoqi,1jwqbs7,Lazy-Departure-5291,Idk trv puts jbht puts and Asml puts idk ab Nflx cuz they won‚Äôt report subscribers numbers anymore just rev and margin,1,2025-04-11 14:20:39
mmluvad,1jwqbs7,Eden_G,NFLX put?,1,2025-04-11 18:32:46
mmklv3s,1jwqbs7,ATX_BillsFan420,Agreed. Subscription services are going to be cut,10,2025-04-11 14:51:29
mmklb4v,1jwqbs7,Sharkkboy6,So calls or puts,2,2025-04-11 14:48:45
mmmb3ck,1jwqbs7,HotFlow6186,Bac long calls,1,2025-04-11 19:55:52
mml5zy9,1jwqbs7,Longjumping-Bug-7377,Ya iv read that earnings really don‚Äôt effect markets much anymore because there‚Äôs enough data out there that the big firms already know whether or not its gonna be a buy,2,2025-04-11 16:30:28
mmm93wg,1jwqbs7,xpertboi,You say that like people aren‚Äôt degens for consumption. They rather stop buying food than to cancel stuff like NFLX.,11,2025-04-11 19:46:03
mmma9g6,1jwqbs7,mardie007,consumer confidence went down the drain.,4,2025-04-11 19:51:50
mmksvpl,1jwqbs7,CbearMN,Wasn‚Äôt that delta?,2,2025-04-11 15:25:58
mmkxgb0,1jwqbs7,RememberTooSmile,"Yeah you would think, Delta went up this week",3,2025-04-11 15:48:09
mmlqf26,1jwqbs7,Hopeful_Invite_8275,Why? Issues with planes?,1,2025-04-11 18:10:20
mmkujf5,1jwqbs7,Lazy-Departure-5291,No cuz ü•≠ just approved them for higher Medicare payments,-1,2025-04-11 15:34:03
mmm0c9c,1jwqbs7,Mandoriax,Funny you don't know the company your mother's working at...,11,2025-04-11 19:00:35
mmmbdd2,1jwqbs7,HotFlow6186,I got long calls,1,2025-04-11 19:57:14
mmmawrg,1jwqbs7,AlpsSad1364,There is a lot of shit in the US that is still huuuuuuugely overpriced,2,2025-04-11 19:54:59
mmmlshi,1jwqbs7,retarded_virgin_1998,"10x margin call, do it",2,2025-04-11 20:50:06
mmmbx61,1jwqbs7,Spiritual_Initial677,"lmfao

https://preview.redd.it/x5mhjzkjh9ue1.jpeg?width=589&format=pjpg&auto=webp&s=5fb13606f6e8be82a42adc830d541024dc530d27",1,2025-04-11 19:59:56
mmlt8zn,1jwqbs7,SalmonellaSteve,Puts on AMEX cause I am not paying that shit back,12,2025-04-11 18:24:35
mmm2q63,1jwqbs7,jeeeeezik,no but guidance does,2,2025-04-11 19:12:50
mmkdneu,1jwqbs7,onamixt,It‚Äôll stay flat probably,2,2025-04-11 14:10:21
mml5hrq,1jwqbs7,Lazy-Departure-5291,Gonna end flat just like ms and jpm,5,2025-04-11 16:27:56
mml107b,1jwqbs7,Accomplished_Use3479,Where do you get IV for pre earnings ?,1,2025-04-11 16:05:32
mmms19m,1jwqbs7,TraditionalWorker974,Nah they sucked two times already. Three times a charm. Calls.,3,2025-04-11 21:23:27
mml6uwu,1jwqbs7,STONKvsTITS,Good dd ü§î,2,2025-04-11 16:34:48
mmm0eed,1jwqbs7,Legitimate_Cable_811,Famous last words,12,2025-04-11 19:00:54
mmmnrnx,1jwqbs7,JazzlikePackage5128,I got 2k in puts on it,2,2025-04-11 21:00:22
mmklq45,1jwqbs7,ATX_BillsFan420,Yes,12,2025-04-11 14:50:47
mmlj703,1jwqbs7,fun__friday,That‚Äôs what people said about the tariffs and reducing tariffs as well. Everything is priced in until it‚Äôs not.,4,2025-04-11 17:34:56
mmmhuan,1jwqbs7,Gabrielsoma,Kinda like how I starve myself before cutting into my alcohol budget,5,2025-04-11 20:29:48
mmkwwt2,1jwqbs7,MidnightAlchemist,They meant the Airline,5,2025-04-11 15:45:34
mmmb21q,1jwqbs7,mardie007,CEO of Hooker is female. Perfect fit.,2,2025-04-11 19:55:41
mmmd5jc,1jwqbs7,mardie007,Calls on private jails cause any credit delinquents will be locked up after Orange man signs a new executive order.,5,2025-04-11 20:06:05
mml7kmw,1jwqbs7,MainPrinciple2158,"I am learning, what does the IV stand for? Thanks in advance.",2,2025-04-11 16:38:21
mml25jr,1jwqbs7,TopherBrennan,Robinhood calculates it.,1,2025-04-11 16:11:19
mmmu3kk,1jwqbs7,CoastingUphill,Thanks. Puts.,3,2025-04-11 21:34:47
mmn218e,1jwqbs7,retarded_virgin_1998,GUH,1,2025-04-11 22:19:40
mmludc9,1jwqbs7,ToughSpeed1450,Tarrifs is a black swan event. Earnings are not.,2,2025-04-11 18:30:14
mmmu6dh,1jwqbs7,CoastingUphill,$GEO,2,2025-04-11 21:35:13
mmlkppl,1jwqbs7,_Rumpertumskin_,"Implied volatility. It's based on the market price of the option, and it shows how much the market is expecting the underlying stock to move (calculated by seeing how ""expensive"" an option is). So before earnings, implied volatility is usually high because the stock¬†could¬†move a lot. But after earnings, even if the stock stays still, the option loses value (implied volatility goes down) because people don't expect it to move as much anymore.",3,2025-04-11 17:42:17
mmlyov8,1jwqbs7,fun__friday,"He‚Äôs been talking about ‚Äúliberation day‚Äù for months. He‚Äôs been talking about tariffs for years. They didn‚Äôt come out of nowhere. Other than outsiders, people didn‚Äôt know what exact details he would announce just like with earnings.",2,2025-04-11 18:52:12
mmlrplz,1jwqbs7,MainPrinciple2158,Thanks brother,1,2025-04-11 18:16:49
mmm6r0m,1jwqbs7,Longjumping-Bug-7377,The shock was how it was calculated on a trade deficit and nobody knew why hence crash,1,2025-04-11 19:33:44
